-- GENERATED SEED DATA
-- CUSTOMERS
INSERT INTO customers (customer_code, name, type) VALUES ('ID0013', 'alpuked (Everyday)', 'Reseller') ON CONFLICT (customer_code) DO NOTHING;
INSERT INTO customers (customer_code, name, type) VALUES ('ID0037', 'best tea', 'Reguler') ON CONFLICT (customer_code) DO NOTHING;
INSERT INTO customers (customer_code, name, type) VALUES ('ID0056', 'brasil (shopee) yayu triana', 'Shopee') ON CONFLICT (customer_code) DO NOTHING;
INSERT INTO customers (customer_code, name, type) VALUES ('ID0065', 'capcin adevoo', 'Reguler') ON CONFLICT (customer_code) DO NOTHING;
INSERT INTO customers (customer_code, name, type) VALUES ('ID0082', 'coffee ce''es', 'Reguler') ON CONFLICT (customer_code) DO NOTHING;
INSERT INTO customers (customer_code, name, type) VALUES ('ID0083', 'colibri', 'Reguler') ON CONFLICT (customer_code) DO NOTHING;
INSERT INTO customers (customer_code, name, type) VALUES ('ID0187', 'kedai kopi sruput', 'Reguler') ON CONFLICT (customer_code) DO NOTHING;
INSERT INTO customers (customer_code, name, type) VALUES ('ID0194', 'kemasan cirebon', 'Reguler') ON CONFLICT (customer_code) DO NOTHING;
INSERT INTO customers (customer_code, name, type) VALUES ('ID0206', 'konsumen 1', 'Reguler') ON CONFLICT (customer_code) DO NOTHING;
INSERT INTO customers (customer_code, name, type) VALUES ('ID0216', 'kopi fiksi', 'Reguler') ON CONFLICT (customer_code) DO NOTHING;
INSERT INTO customers (customer_code, name, type) VALUES ('ID0217', 'kopi gincu', 'Reguler') ON CONFLICT (customer_code) DO NOTHING;
INSERT INTO customers (customer_code, name, type) VALUES ('ID0223', 'kopi muara', 'Reguler') ON CONFLICT (customer_code) DO NOTHING;
INSERT INTO customers (customer_code, name, type) VALUES ('ID0224', 'kopi nangkring', 'Reguler') ON CONFLICT (customer_code) DO NOTHING;
INSERT INTO customers (customer_code, name, type) VALUES ('ID0251', 'manao', 'Reseller') ON CONFLICT (customer_code) DO NOTHING;
INSERT INTO customers (customer_code, name, type) VALUES ('ID0255', 'marlina kopi', 'Reguler') ON CONFLICT (customer_code) DO NOTHING;
INSERT INTO customers (customer_code, name, type) VALUES ('ID0256', 'masbro', 'Reguler') ON CONFLICT (customer_code) DO NOTHING;
INSERT INTO customers (customer_code, name, type) VALUES ('ID0263', 'meraki', 'Reguler') ON CONFLICT (customer_code) DO NOTHING;
INSERT INTO customers (customer_code, name, type) VALUES ('ID0284', 'montir kopi', 'Reguler') ON CONFLICT (customer_code) DO NOTHING;
INSERT INTO customers (customer_code, name, type) VALUES ('ID0287', 'mood moo', 'Reguler') ON CONFLICT (customer_code) DO NOTHING;
INSERT INTO customers (customer_code, name, type) VALUES ('ID0293', 'mudik coffe', 'Reguler') ON CONFLICT (customer_code) DO NOTHING;
INSERT INTO customers (customer_code, name, type) VALUES ('ID0294', 'muro', 'Reguler') ON CONFLICT (customer_code) DO NOTHING;
INSERT INTO customers (customer_code, name, type) VALUES ('ID0304', 'natupala', 'Reguler') ON CONFLICT (customer_code) DO NOTHING;
INSERT INTO customers (customer_code, name, type) VALUES ('ID0305', 'natupala kopi (shopee) natupalakopi', 'Shopee') ON CONFLICT (customer_code) DO NOTHING;
INSERT INTO customers (customer_code, name, type) VALUES ('ID0324', 'nyruput', 'Reguler') ON CONFLICT (customer_code) DO NOTHING;
INSERT INTO customers (customer_code, name, type) VALUES ('ID0345', 'piknik coffe', 'Reguler') ON CONFLICT (customer_code) DO NOTHING;
INSERT INTO customers (customer_code, name, type) VALUES ('ID0357', 'qq cafe', 'Reguler') ON CONFLICT (customer_code) DO NOTHING;
INSERT INTO customers (customer_code, name, type) VALUES ('ID0403', 'sweet moo (shopee) firmanibnu', 'Shopee') ON CONFLICT (customer_code) DO NOTHING;
INSERT INTO customers (customer_code, name, type) VALUES ('ID0434', 'teras kopi', 'Reguler') ON CONFLICT (customer_code) DO NOTHING;
INSERT INTO customers (customer_code, name, type) VALUES ('ID0446', 'trois', 'Reguler') ON CONFLICT (customer_code) DO NOTHING;
INSERT INTO customers (customer_code, name, type) VALUES ('ID1593', 'Iji Kopi', 'Reguler') ON CONFLICT (customer_code) DO NOTHING;
INSERT INTO customers (customer_code, name, type) VALUES ('ID1599', 'feffo coffee', 'Reguler') ON CONFLICT (customer_code) DO NOTHING;
INSERT INTO customers (customer_code, name, type) VALUES ('ID1614', 'kopi kabi', 'Reguler') ON CONFLICT (customer_code) DO NOTHING;
INSERT INTO customers (customer_code, name, type) VALUES ('ID1634', 'the rice guys', 'Reguler') ON CONFLICT (customer_code) DO NOTHING;
INSERT INTO customers (customer_code, name, type) VALUES ('ID1642', 'black wood', 'Reguler') ON CONFLICT (customer_code) DO NOTHING;
INSERT INTO customers (customer_code, name, type) VALUES ('ID1705', 'MAMBOSS (shopee) budijunior_atk', 'Shopee') ON CONFLICT (customer_code) DO NOTHING;
INSERT INTO customers (customer_code, name, type) VALUES ('ID1719', 'es teh mimi', 'Reguler') ON CONFLICT (customer_code) DO NOTHING;
INSERT INTO customers (customer_code, name, type) VALUES ('ID1789', 'mcc coffee', 'Reguler') ON CONFLICT (customer_code) DO NOTHING;
INSERT INTO customers (customer_code, name, type) VALUES ('ID1811', 'Tujuh cerita (shopee) gravielanadine', 'Shopee') ON CONFLICT (customer_code) DO NOTHING;
INSERT INTO customers (customer_code, name, type) VALUES ('ID1820', 'es teh bunga telang ', 'Reguler') ON CONFLICT (customer_code) DO NOTHING;
INSERT INTO customers (customer_code, name, type) VALUES ('ID1902', 'sutrisno', 'Reguler') ON CONFLICT (customer_code) DO NOTHING;
INSERT INTO customers (customer_code, name, type) VALUES ('ID1955', 'oksigen coffee', 'Reguler') ON CONFLICT (customer_code) DO NOTHING;
INSERT INTO customers (customer_code, name, type) VALUES ('ID1971', 'esteh timika  ( shopee ) arfanaarfan374 ', 'Shopee') ON CONFLICT (customer_code) DO NOTHING;
INSERT INTO customers (customer_code, name, type) VALUES ('ID2021', 'coffe 18', 'Reguler') ON CONFLICT (customer_code) DO NOTHING;
INSERT INTO customers (customer_code, name, type) VALUES ('ID2031', 'hausan (shopee) asepmridwan', 'Shopee') ON CONFLICT (customer_code) DO NOTHING;
INSERT INTO customers (customer_code, name, type) VALUES ('ID2033', 'uno', 'Reguler') ON CONFLICT (customer_code) DO NOTHING;
INSERT INTO customers (customer_code, name, type) VALUES ('ID2035', 'es teh timika(shopee) arfanarfan374', 'Shopee') ON CONFLICT (customer_code) DO NOTHING;
INSERT INTO customers (customer_code, name, type) VALUES ('ID2039', 'beaches', 'Reguler') ON CONFLICT (customer_code) DO NOTHING;
INSERT INTO customers (customer_code, name, type) VALUES ('ID2057', 'supernova/kopi mansartan (shopee) ntanuria03', 'Shopee') ON CONFLICT (customer_code) DO NOTHING;
INSERT INTO customers (customer_code, name, type) VALUES ('ID2077', 'winston coffee', 'Reguler') ON CONFLICT (customer_code) DO NOTHING;
INSERT INTO customers (customer_code, name, type) VALUES ('ID2087', 'Onigiri Bento (shopee) wicaksonotrianislami', 'Shopee') ON CONFLICT (customer_code) DO NOTHING;
INSERT INTO customers (customer_code, name, type) VALUES ('ID2088', 'nginum tah', 'Reguler') ON CONFLICT (customer_code) DO NOTHING;
INSERT INTO customers (customer_code, name, type) VALUES ('ID2098', 'kopi mansartan', 'Reguler') ON CONFLICT (customer_code) DO NOTHING;
INSERT INTO customers (customer_code, name, type) VALUES ('ID2104', 'alif coffee (shopee) uphie_', 'Shopee') ON CONFLICT (customer_code) DO NOTHING;
INSERT INTO customers (customer_code, name, type) VALUES ('ID2122', 'kopi tulusku (reseler)', 'Reseller') ON CONFLICT (customer_code) DO NOTHING;
INSERT INTO customers (customer_code, name, type) VALUES ('ID2124', 'aila boba (shopee) lulu_lc96', 'Shopee') ON CONFLICT (customer_code) DO NOTHING;
INSERT INTO customers (customer_code, name, type) VALUES ('ID2139', 'masyawe coffee', 'Reguler') ON CONFLICT (customer_code) DO NOTHING;
INSERT INTO customers (customer_code, name, type) VALUES ('ID2172', 'Gontran Cherrier', 'Reguler') ON CONFLICT (customer_code) DO NOTHING;
INSERT INTO customers (customer_code, name, type) VALUES ('ID2180', 'Es Suket Sarireja', 'Reguler') ON CONFLICT (customer_code) DO NOTHING;
INSERT INTO customers (customer_code, name, type) VALUES ('ID2211', 'Zeline Cosmetic (shopee) grosir.beautycare', 'Shopee') ON CONFLICT (customer_code) DO NOTHING;
INSERT INTO customers (customer_code, name, type) VALUES ('ID2215', 'Acala', 'Reguler') ON CONFLICT (customer_code) DO NOTHING;
INSERT INTO customers (customer_code, name, type) VALUES ('ID2220', 'Coffee Serra. ', 'Reguler') ON CONFLICT (customer_code) DO NOTHING;
INSERT INTO customers (customer_code, name, type) VALUES ('ID2225', 'Texas BBQ & BAR', 'Reguler') ON CONFLICT (customer_code) DO NOTHING;
INSERT INTO customers (customer_code, name, type) VALUES ('ID2242', 'duta tegal', 'Reseller') ON CONFLICT (customer_code) DO NOTHING;
INSERT INTO customers (customer_code, name, type) VALUES ('ID2263', 'Login Kofi (shopee) johnarnold15', 'Shopee') ON CONFLICT (customer_code) DO NOTHING;
INSERT INTO customers (customer_code, name, type) VALUES ('ID2270', 'Ditemenin Kopi (shopee) ditemeninkopi', 'Shopee') ON CONFLICT (customer_code) DO NOTHING;
INSERT INTO customers (customer_code, name, type) VALUES ('ID2288', 'Altasi Coffee (shopee) adamannafi', 'Shopee') ON CONFLICT (customer_code) DO NOTHING;
INSERT INTO customers (customer_code, name, type) VALUES ('ID2299', 'Khab Khun', 'Reguler') ON CONFLICT (customer_code) DO NOTHING;
INSERT INTO customers (customer_code, name, type) VALUES ('ID2307', 'de Cuger (shopee) indahalzha', 'Shopee') ON CONFLICT (customer_code) DO NOTHING;
INSERT INTO customers (customer_code, name, type) VALUES ('ID2313', 'cukur & cicip (shopee) olaarilshop', 'Shopee') ON CONFLICT (customer_code) DO NOTHING;
INSERT INTO customers (customer_code, name, type) VALUES ('ID2318', 'Ni Drink (shopee) abidbogas', 'Shopee') ON CONFLICT (customer_code) DO NOTHING;
INSERT INTO customers (customer_code, name, type) VALUES ('ID2324', 'Dewata Coffee', 'Reguler') ON CONFLICT (customer_code) DO NOTHING;
INSERT INTO customers (customer_code, name, type) VALUES ('ID2333', 'winston Coffee / Pirouette', 'Reguler') ON CONFLICT (customer_code) DO NOTHING;
INSERT INTO customers (customer_code, name, type) VALUES ('ID2341', 'Merkico Caffee', 'Reguler') ON CONFLICT (customer_code) DO NOTHING;
INSERT INTO customers (customer_code, name, type) VALUES ('ID2344', 'Rizki Coffee & Kitchen', 'Reguler') ON CONFLICT (customer_code) DO NOTHING;
INSERT INTO customers (customer_code, name, type) VALUES ('ID2365', 'OH LALA', 'Reguler') ON CONFLICT (customer_code) DO NOTHING;
INSERT INTO customers (customer_code, name, type) VALUES ('ID2369', 'rasa raga (reseler)', 'Reseller') ON CONFLICT (customer_code) DO NOTHING;
INSERT INTO customers (customer_code, name, type) VALUES ('ID2388', 'Saigo Coffee', 'Reguler') ON CONFLICT (customer_code) DO NOTHING;
INSERT INTO customers (customer_code, name, type) VALUES ('ID2390', 'Hanasta COffee (shopee) Hengkiipranata', 'Shopee') ON CONFLICT (customer_code) DO NOTHING;
INSERT INTO customers (customer_code, name, type) VALUES ('ID2398', 'eSeS Tea', 'Reguler') ON CONFLICT (customer_code) DO NOTHING;
INSERT INTO customers (customer_code, name, type) VALUES ('ID2419', 'Cap Bandulan (shopee) gabrl.ang', 'Shopee') ON CONFLICT (customer_code) DO NOTHING;
INSERT INTO customers (customer_code, name, type) VALUES ('ID2425', 'XI coffee (shopee) christadaniellamarbun', 'Shopee') ON CONFLICT (customer_code) DO NOTHING;
INSERT INTO customers (customer_code, name, type) VALUES ('ID2428', 'Milkeun (shopee) sigitjuniawan', 'Shopee') ON CONFLICT (customer_code) DO NOTHING;
INSERT INTO customers (customer_code, name, type) VALUES ('ID2433', 'Humble Coffee', 'Reguler') ON CONFLICT (customer_code) DO NOTHING;
INSERT INTO customers (customer_code, name, type) VALUES ('ID2436', 'Sejawat (shopee) Amaliasatrio', 'Shopee') ON CONFLICT (customer_code) DO NOTHING;
INSERT INTO customers (customer_code, name, type) VALUES ('ID2442', 'Esteh Solo ell.', 'Reguler') ON CONFLICT (customer_code) DO NOTHING;
INSERT INTO customers (customer_code, name, type) VALUES ('ID2443', 'Pertamilk Pom Susu', 'Reguler') ON CONFLICT (customer_code) DO NOTHING;
INSERT INTO customers (customer_code, name, type) VALUES ('ID2447', 'Up All Might', 'Reguler') ON CONFLICT (customer_code) DO NOTHING;
INSERT INTO customers (customer_code, name, type) VALUES ('ID2466', 'Kopi Bini (shopee) lauranelazaazwarudin', 'Shopee') ON CONFLICT (customer_code) DO NOTHING;
INSERT INTO customers (customer_code, name, type) VALUES ('ID2473', 'Es Kacang Merah (shopee) sweetpixie93', 'Shopee') ON CONFLICT (customer_code) DO NOTHING;
INSERT INTO customers (customer_code, name, type) VALUES ('ID2475', 'Himalayan Coffee', 'Reguler') ON CONFLICT (customer_code) DO NOTHING;
INSERT INTO customers (customer_code, name, type) VALUES ('ID2479', 'Svara by Meraki', 'Reguler') ON CONFLICT (customer_code) DO NOTHING;
INSERT INTO customers (customer_code, name, type) VALUES ('ID2484', 'Anggana 61 (shopee) fathanrafa29', 'Shopee') ON CONFLICT (customer_code) DO NOTHING;
INSERT INTO customers (customer_code, name, type) VALUES ('ID2489', 'Es Suket Luragung', 'Reguler') ON CONFLICT (customer_code) DO NOTHING;
INSERT INTO customers (customer_code, name, type) VALUES ('ID2493', 'viona', 'Reguler') ON CONFLICT (customer_code) DO NOTHING;
INSERT INTO customers (customer_code, name, type) VALUES ('ID2495', 'Eco Coffee & Eatery', 'Reguler') ON CONFLICT (customer_code) DO NOTHING;
INSERT INTO customers (customer_code, name, type) VALUES ('ID2497', 'Kokopian GSK', 'Reguler') ON CONFLICT (customer_code) DO NOTHING;
INSERT INTO customers (customer_code, name, type) VALUES ('ID2498', 'Sumpit', 'Reguler') ON CONFLICT (customer_code) DO NOTHING;
INSERT INTO customers (customer_code, name, type) VALUES ('ID2499', 'Forum Kopi 189', 'Reguler') ON CONFLICT (customer_code) DO NOTHING;
INSERT INTO customers (customer_code, name, type) VALUES ('ID2511', 'Banana Keraton', 'Reguler') ON CONFLICT (customer_code) DO NOTHING;
INSERT INTO customers (customer_code, name, type) VALUES ('ID2514', 'Millenial Aqiqah', 'Reguler') ON CONFLICT (customer_code) DO NOTHING;
INSERT INTO customers (customer_code, name, type) VALUES ('ID2515', 'karomah rasa', 'Reguler') ON CONFLICT (customer_code) DO NOTHING;
INSERT INTO customers (customer_code, name, type) VALUES ('ID2516', 'm kopitiam', 'Reguler') ON CONFLICT (customer_code) DO NOTHING;
INSERT INTO customers (customer_code, name, type) VALUES ('ID2519', 'Dikala Senja', 'Reguler') ON CONFLICT (customer_code) DO NOTHING;
INSERT INTO customers (customer_code, name, type) VALUES ('ID2525', 'Umbul Sidomukti (shopee) agustyn25', 'Shopee') ON CONFLICT (customer_code) DO NOTHING;
INSERT INTO customers (customer_code, name, type) VALUES ('ID2529', 'Hallo.Teh ', 'Reguler') ON CONFLICT (customer_code) DO NOTHING;
INSERT INTO customers (customer_code, name, type) VALUES ('ID2533', 'Permata Bakery & Coffee', 'Reguler') ON CONFLICT (customer_code) DO NOTHING;
INSERT INTO customers (customer_code, name, type) VALUES ('ID2534', 'Esteh Jomblo', 'Reguler') ON CONFLICT (customer_code) DO NOTHING;
INSERT INTO customers (customer_code, name, type) VALUES ('ID2535', 'Bariqi Coffee ', 'Reguler') ON CONFLICT (customer_code) DO NOTHING;
INSERT INTO customers (customer_code, name, type) VALUES ('ID2537', 'Resik Place', 'Reguler') ON CONFLICT (customer_code) DO NOTHING;
INSERT INTO customers (customer_code, name, type) VALUES ('ID2550', 'Silahturasa', 'Reguler') ON CONFLICT (customer_code) DO NOTHING;
INSERT INTO customers (customer_code, name, type) VALUES ('ID2551', 'Esteh Sayangku (shopee) pria.1101', 'Shopee') ON CONFLICT (customer_code) DO NOTHING;
INSERT INTO customers (customer_code, name, type) VALUES ('ID2560', 'Mamboss (shopee) karinaanindya', 'Shopee') ON CONFLICT (customer_code) DO NOTHING;
INSERT INTO customers (customer_code, name, type) VALUES ('ID2569', 'Waroeng Om Ping (shopee) lilisvrca99', 'Shopee') ON CONFLICT (customer_code) DO NOTHING;
INSERT INTO customers (customer_code, name, type) VALUES ('ID2578', 'Kopi Jempol', 'Reguler') ON CONFLICT (customer_code) DO NOTHING;
INSERT INTO customers (customer_code, name, type) VALUES ('ID2581', 'kedai arban', 'Reguler') ON CONFLICT (customer_code) DO NOTHING;
INSERT INTO customers (customer_code, name, type) VALUES ('ID2583', 'Cocoway (shopee) yasnill', 'Shopee') ON CONFLICT (customer_code) DO NOTHING;
INSERT INTO customers (customer_code, name, type) VALUES ('ID2584', 'Esteh Sejuk (shopee) speedjr809', 'Shopee') ON CONFLICT (customer_code) DO NOTHING;
INSERT INTO customers (customer_code, name, type) VALUES ('ID2588', 'Harata Coffee', 'Reguler') ON CONFLICT (customer_code) DO NOTHING;
INSERT INTO customers (customer_code, name, type) VALUES ('ID2590', 'Madam Chen Kopitiam', 'Reguler') ON CONFLICT (customer_code) DO NOTHING;
INSERT INTO customers (customer_code, name, type) VALUES ('ID2592', 'wira cafe teman nongkrong (shopee) temannongkrongjakut', 'Shopee') ON CONFLICT (customer_code) DO NOTHING;
INSERT INTO customers (customer_code, name, type) VALUES ('ID2593', 'Kintjir Kopi', 'Reguler') ON CONFLICT (customer_code) DO NOTHING;
INSERT INTO customers (customer_code, name, type) VALUES ('ID2595', 'Bonara (shopee) diahstiman', 'Shopee') ON CONFLICT (customer_code) DO NOTHING;
INSERT INTO customers (customer_code, name, type) VALUES ('ID2598', 'Esteh Rava', 'Reguler') ON CONFLICT (customer_code) DO NOTHING;
INSERT INTO customers (customer_code, name, type) VALUES ('ID2600', 'miu miu chicken', 'Reguler') ON CONFLICT (customer_code) DO NOTHING;
INSERT INTO customers (customer_code, name, type) VALUES ('ID2602', 'thai tea La Tahzan', 'Reguler') ON CONFLICT (customer_code) DO NOTHING;
INSERT INTO customers (customer_code, name, type) VALUES ('ID2605', 'bonara plastik', 'Reguler') ON CONFLICT (customer_code) DO NOTHING;
INSERT INTO customers (customer_code, name, type) VALUES ('ID2611', 'benoa coffe', 'Reguler') ON CONFLICT (customer_code) DO NOTHING;
INSERT INTO customers (customer_code, name, type) VALUES ('ID2612', 'safti coffee', 'Reguler') ON CONFLICT (customer_code) DO NOTHING;
INSERT INTO customers (customer_code, name, type) VALUES ('ID2613', 'rumah anggur', 'Reguler') ON CONFLICT (customer_code) DO NOTHING;
INSERT INTO customers (customer_code, name, type) VALUES ('ID2615', 'tea jus', 'Reguler') ON CONFLICT (customer_code) DO NOTHING;
INSERT INTO customers (customer_code, name, type) VALUES ('ID2618', 'steakcation', 'Reguler') ON CONFLICT (customer_code) DO NOTHING;
INSERT INTO customers (customer_code, name, type) VALUES ('ID2625', 'ride or die', 'Reguler') ON CONFLICT (customer_code) DO NOTHING;
INSERT INTO customers (customer_code, name, type) VALUES ('ID2627', 'ruang teduh', 'Reguler') ON CONFLICT (customer_code) DO NOTHING;
INSERT INTO customers (customer_code, name, type) VALUES ('ID2632', 'volare ', 'Reguler') ON CONFLICT (customer_code) DO NOTHING;
INSERT INTO customers (customer_code, name, type) VALUES ('ID2633', 'kopilo', 'Reguler') ON CONFLICT (customer_code) DO NOTHING;
INSERT INTO customers (customer_code, name, type) VALUES ('ID2635', 'te.ras', 'Reguler') ON CONFLICT (customer_code) DO NOTHING;
INSERT INTO customers (customer_code, name, type) VALUES ('ID2640', 'viggo', 'Reguler') ON CONFLICT (customer_code) DO NOTHING;
INSERT INTO customers (customer_code, name, type) VALUES ('ID2641', 'teh berkah', 'Reguler') ON CONFLICT (customer_code) DO NOTHING;
INSERT INTO customers (customer_code, name, type) VALUES ('ID2642', 'es teh batok', 'Reguler') ON CONFLICT (customer_code) DO NOTHING;
INSERT INTO customers (customer_code, name, type) VALUES ('ID2644', 'dimana kopi', 'Reguler') ON CONFLICT (customer_code) DO NOTHING;
INSERT INTO customers (customer_code, name, type) VALUES ('ID2645', 'jos mango', 'Reguler') ON CONFLICT (customer_code) DO NOTHING;
INSERT INTO customers (customer_code, name, type) VALUES ('ID2649', 'es teh kwaten', 'Reguler') ON CONFLICT (customer_code) DO NOTHING;
INSERT INTO customers (customer_code, name, type) VALUES ('ID2652', 'bermula kopi', 'Reguler') ON CONFLICT (customer_code) DO NOTHING;
INSERT INTO customers (customer_code, name, type) VALUES ('ID2653', 'zenith', 'Reguler') ON CONFLICT (customer_code) DO NOTHING;
INSERT INTO customers (customer_code, name, type) VALUES ('ID2654', 'kopi saka', 'Reguler') ON CONFLICT (customer_code) DO NOTHING;
INSERT INTO customers (customer_code, name, type) VALUES ('ID2657', 'lamoenan cafe', 'Reguler') ON CONFLICT (customer_code) DO NOTHING;
INSERT INTO customers (customer_code, name, type) VALUES ('ID2658', '68 ground kopi', 'Reguler') ON CONFLICT (customer_code) DO NOTHING;
INSERT INTO customers (customer_code, name, type) VALUES ('ID2660', 'Sebrang Kopi', 'Reguler') ON CONFLICT (customer_code) DO NOTHING;
INSERT INTO customers (customer_code, name, type) VALUES ('ID2662', 'kokain', 'Reguler') ON CONFLICT (customer_code) DO NOTHING;
INSERT INTO customers (customer_code, name, type) VALUES ('ID2672', 'paradigma coffee.', 'Reguler') ON CONFLICT (customer_code) DO NOTHING;
INSERT INTO customers (customer_code, name, type) VALUES ('ID2673', 'you and coffee', 'Reguler') ON CONFLICT (customer_code) DO NOTHING;
INSERT INTO customers (customer_code, name, type) VALUES ('ID2675', 'delight nyoklat.', 'Reguler') ON CONFLICT (customer_code) DO NOTHING;
INSERT INTO customers (customer_code, name, type) VALUES ('ID2677', 'Altasi Coffee / warmindo wakaji (shopee) adamannafi', 'Shopee') ON CONFLICT (customer_code) DO NOTHING;
INSERT INTO customers (customer_code, name, type) VALUES ('ID2681', 'nyumurs', 'Reguler') ON CONFLICT (customer_code) DO NOTHING;
INSERT INTO customers (customer_code, name, type) VALUES ('ID2683', 'te.ras (shopee) muhammadridwanhabibi', 'Shopee') ON CONFLICT (customer_code) DO NOTHING;
INSERT INTO customers (customer_code, name, type) VALUES ('ID2684', 'kopi mardigas', 'Reguler') ON CONFLICT (customer_code) DO NOTHING;
INSERT INTO customers (customer_code, name, type) VALUES ('ID2685', 'area kopi', 'Reguler') ON CONFLICT (customer_code) DO NOTHING;
INSERT INTO customers (customer_code, name, type) VALUES ('ID2686', 'es suket  koswara', 'Reguler') ON CONFLICT (customer_code) DO NOTHING;
INSERT INTO customers (customer_code, name, type) VALUES ('ID2687', 'kopaban coffee', 'Reguler') ON CONFLICT (customer_code) DO NOTHING;
INSERT INTO customers (customer_code, name, type) VALUES ('ID2688', 'dk kopi', 'Reguler') ON CONFLICT (customer_code) DO NOTHING;
INSERT INTO customers (customer_code, name, type) VALUES ('ID2689', 'ubud water palace (tokopedia) agus mertana', 'Tokopedia') ON CONFLICT (customer_code) DO NOTHING;
INSERT INTO customers (customer_code, name, type) VALUES ('ID2690', 'classy milk', 'Reguler') ON CONFLICT (customer_code) DO NOTHING;
INSERT INTO customers (customer_code, name, type) VALUES ('ID2691', 'kedai crush', 'Reguler') ON CONFLICT (customer_code) DO NOTHING;
INSERT INTO customers (customer_code, name, type) VALUES ('ID2692', 'cekombak coffee', 'Reguler') ON CONFLICT (customer_code) DO NOTHING;
INSERT INTO customers (customer_code, name, type) VALUES ('ID2693', 'anyar ngopi', 'Reguler') ON CONFLICT (customer_code) DO NOTHING;
INSERT INTO customers (customer_code, name, type) VALUES ('ID2694', 'alfa coffee (shopee) muzeprint1', 'Shopee') ON CONFLICT (customer_code) DO NOTHING;
INSERT INTO customers (customer_code, name, type) VALUES ('ID2695', 'my sticky milk', 'Reguler') ON CONFLICT (customer_code) DO NOTHING;
INSERT INTO customers (customer_code, name, type) VALUES ('ID2696', 'dapoer dua putri', 'Reguler') ON CONFLICT (customer_code) DO NOTHING;
INSERT INTO customers (customer_code, name, type) VALUES ('ID2697', 'dreals kopi', 'Reguler') ON CONFLICT (customer_code) DO NOTHING;
INSERT INTO customers (customer_code, name, type) VALUES ('ID2698', 'supernova.', 'Reguler') ON CONFLICT (customer_code) DO NOTHING;
INSERT INTO customers (customer_code, name, type) VALUES ('ID2699', 'teh bumi (shopee) diiaanshop12', 'Shopee') ON CONFLICT (customer_code) DO NOTHING;
INSERT INTO customers (customer_code, name, type) VALUES ('ID2700', 'fadil cendol', 'Reguler') ON CONFLICT (customer_code) DO NOTHING;
INSERT INTO customers (customer_code, name, type) VALUES ('ID2701', 'es teler sultan imy', 'Reguler') ON CONFLICT (customer_code) DO NOTHING;
INSERT INTO customers (customer_code, name, type) VALUES ('ID2702', 'duta tegal (menantea)', 'Reguler') ON CONFLICT (customer_code) DO NOTHING;
INSERT INTO customers (customer_code, name, type) VALUES ('ID2703', 'mecca kopi', 'Reguler') ON CONFLICT (customer_code) DO NOTHING;
INSERT INTO customers (customer_code, name, type) VALUES ('ID2704', 'kole coffee', 'Reguler') ON CONFLICT (customer_code) DO NOTHING;
INSERT INTO customers (customer_code, name, type) VALUES ('ID2705', 'eterna', 'Reguler') ON CONFLICT (customer_code) DO NOTHING;
INSERT INTO customers (customer_code, name, type) VALUES ('ID2706', 'noma', 'Reguler') ON CONFLICT (customer_code) DO NOTHING;
INSERT INTO customers (customer_code, name, type) VALUES ('ID2707', 'dikokop', 'Reguler') ON CONFLICT (customer_code) DO NOTHING;
INSERT INTO customers (customer_code, name, type) VALUES ('ID2708', 'arsy water (shopee) rizkyhawari0', 'Shopee') ON CONFLICT (customer_code) DO NOTHING;
INSERT INTO customers (customer_code, name, type) VALUES ('ID2709', 'es teh buntel dwi putra', 'Reguler') ON CONFLICT (customer_code) DO NOTHING;
INSERT INTO customers (customer_code, name, type) VALUES ('ID2710', 'PT. GIGATEK Himalayan', 'Reguler') ON CONFLICT (customer_code) DO NOTHING;
INSERT INTO customers (customer_code, name, type) VALUES ('ID2711', 'oppa bakery', 'Reguler') ON CONFLICT (customer_code) DO NOTHING;
INSERT INTO customers (customer_code, name, type) VALUES ('ID2712', 'kanken', 'Reguler') ON CONFLICT (customer_code) DO NOTHING;
INSERT INTO customers (customer_code, name, type) VALUES ('ID2713', 'tahci (duta tegal)', 'Reseller') ON CONFLICT (customer_code) DO NOTHING;
INSERT INTO customers (customer_code, name, type) VALUES ('ID2714', 'es teler kaisar', 'Reguler') ON CONFLICT (customer_code) DO NOTHING;
INSERT INTO customers (customer_code, name, type) VALUES ('ID2715', 'es teh desa', 'Reguler') ON CONFLICT (customer_code) DO NOTHING;
INSERT INTO customers (customer_code, name, type) VALUES ('ID2716', 'sunshine', 'Reguler') ON CONFLICT (customer_code) DO NOTHING;
INSERT INTO customers (customer_code, name, type) VALUES ('ID2717', 'avant coffee', 'Reguler') ON CONFLICT (customer_code) DO NOTHING;
INSERT INTO customers (customer_code, name, type) VALUES ('ID2718', 'mahdi tegal', 'Reseller') ON CONFLICT (customer_code) DO NOTHING;
INSERT INTO customers (customer_code, name, type) VALUES ('ID2720', 'gif (reseler)', 'Reseller') ON CONFLICT (customer_code) DO NOTHING;
INSERT INTO customers (customer_code, name, type) VALUES ('ID2721', 'Bolu Sunyaragi', 'Reguler') ON CONFLICT (customer_code) DO NOTHING;
INSERT INTO customers (customer_code, name, type) VALUES ('ID2722', 'brother billiard.', 'Reguler') ON CONFLICT (customer_code) DO NOTHING;
INSERT INTO customers (customer_code, name, type) VALUES ('ID2723', 'ciks tea', 'Reguler') ON CONFLICT (customer_code) DO NOTHING;
INSERT INTO customers (customer_code, name, type) VALUES ('ID2724', 'raja jeruk', 'Reguler') ON CONFLICT (customer_code) DO NOTHING;
INSERT INTO customers (customer_code, name, type) VALUES ('ID2725', 'kanoa (shopee) marcelbaron17', 'Shopee') ON CONFLICT (customer_code) DO NOTHING;
INSERT INTO customers (customer_code, name, type) VALUES ('ID2726', 'es teh mager', 'Reguler') ON CONFLICT (customer_code) DO NOTHING;
INSERT INTO customers (customer_code, name, type) VALUES ('ID2727', 'coffee mosque (reseler)', 'Reseller') ON CONFLICT (customer_code) DO NOTHING;
INSERT INTO customers (customer_code, name, type) VALUES ('ID2728', 'cendol susuji', 'Reguler') ON CONFLICT (customer_code) DO NOTHING;
INSERT INTO customers (customer_code, name, type) VALUES ('ID2729', 'esteqiu (shopee) ventzabrilianty', 'Shopee') ON CONFLICT (customer_code) DO NOTHING;
INSERT INTO customers (customer_code, name, type) VALUES ('ID2730', 'tbk.id lounge and resto', 'Reguler') ON CONFLICT (customer_code) DO NOTHING;
INSERT INTO customers (customer_code, name, type) VALUES ('ID2731', 'stone hand', 'Reguler') ON CONFLICT (customer_code) DO NOTHING;
INSERT INTO customers (customer_code, name, type) VALUES ('ID2732', 'episode kopi', 'Reguler') ON CONFLICT (customer_code) DO NOTHING;
INSERT INTO customers (customer_code, name, type) VALUES ('ID2733', 'kaken', 'Reguler') ON CONFLICT (customer_code) DO NOTHING;
INSERT INTO customers (customer_code, name, type) VALUES ('ID2734', 'ke.susu', 'Reguler') ON CONFLICT (customer_code) DO NOTHING;
INSERT INTO customers (customer_code, name, type) VALUES ('ID2735', 'orecha coffee', 'Reguler') ON CONFLICT (customer_code) DO NOTHING;
INSERT INTO customers (customer_code, name, type) VALUES ('ID2736', 'duo nona', 'Reguler') ON CONFLICT (customer_code) DO NOTHING;
INSERT INTO customers (customer_code, name, type) VALUES ('ID2737', 'teras kopi (shopee) 11shonia.nabila', 'Shopee') ON CONFLICT (customer_code) DO NOTHING;
INSERT INTO customers (customer_code, name, type) VALUES ('ID2738', 'hai kembali coffee', 'Reguler') ON CONFLICT (customer_code) DO NOTHING;
INSERT INTO customers (customer_code, name, type) VALUES ('ID2739', 'sablon yovan (reseler) esteqiu', 'Reseller') ON CONFLICT (customer_code) DO NOTHING;
INSERT INTO customers (customer_code, name, type) VALUES ('ID2740', 'kopi abah.', 'Reguler') ON CONFLICT (customer_code) DO NOTHING;
INSERT INTO customers (customer_code, name, type) VALUES ('ID2741', 'es teh cekek', 'Reguler') ON CONFLICT (customer_code) DO NOTHING;
INSERT INTO customers (customer_code, name, type) VALUES ('ID2742', 'sablon yovan (reseler) fruits drink', 'Reseller') ON CONFLICT (customer_code) DO NOTHING;
INSERT INTO customers (customer_code, name, type) VALUES ('ID2743', 'es teh labib', 'Reguler') ON CONFLICT (customer_code) DO NOTHING;
INSERT INTO customers (customer_code, name, type) VALUES ('ID2744', 'thank you', 'Reguler') ON CONFLICT (customer_code) DO NOTHING;
INSERT INTO customers (customer_code, name, type) VALUES ('ID2745', 'MFC Fried Chicken', 'Reguler') ON CONFLICT (customer_code) DO NOTHING;
INSERT INTO customers (customer_code, name, type) VALUES ('ID2746', 'emirates coffee', 'Reguler') ON CONFLICT (customer_code) DO NOTHING;
INSERT INTO customers (customer_code, name, type) VALUES ('ID2747', 'tepi rasa', 'Reguler') ON CONFLICT (customer_code) DO NOTHING;
INSERT INTO customers (customer_code, name, type) VALUES ('ID2748', 'es burjo', 'Reguler') ON CONFLICT (customer_code) DO NOTHING;
INSERT INTO customers (customer_code, name, type) VALUES ('ID2749', 'es jeruk peras', 'Reguler') ON CONFLICT (customer_code) DO NOTHING;
INSERT INTO customers (customer_code, name, type) VALUES ('ID2750', 'es jeruk lemon', 'Reguler') ON CONFLICT (customer_code) DO NOTHING;
INSERT INTO customers (customer_code, name, type) VALUES ('ID2751', 'heypro (shopee) gapyeongkoreanbarbeque', 'Shopee') ON CONFLICT (customer_code) DO NOTHING;
INSERT INTO customers (customer_code, name, type) VALUES ('ID2752', 'nasi campur sdw (shopee) nasicampursedapwangi', 'Shopee') ON CONFLICT (customer_code) DO NOTHING;
INSERT INTO customers (customer_code, name, type) VALUES ('ID2753', 'alpahri water', 'Reguler') ON CONFLICT (customer_code) DO NOTHING;
INSERT INTO customers (customer_code, name, type) VALUES ('ID2754', 'marii', 'Reguler') ON CONFLICT (customer_code) DO NOTHING;
INSERT INTO customers (customer_code, name, type) VALUES ('ID2755', 'santos coffee', 'Reguler') ON CONFLICT (customer_code) DO NOTHING;
INSERT INTO customers (customer_code, name, type) VALUES ('ID2756', 'kedhan coffee (shopee) trifted.treads', 'Shopee') ON CONFLICT (customer_code) DO NOTHING;
INSERT INTO customers (customer_code, name, type) VALUES ('ID2757', 'kopi rata kiri (shopee) vennysanjayaa', 'Shopee') ON CONFLICT (customer_code) DO NOTHING;
INSERT INTO customers (customer_code, name, type) VALUES ('ID2758', 'joseon', 'Reguler') ON CONFLICT (customer_code) DO NOTHING;
INSERT INTO customers (customer_code, name, type) VALUES ('ID2759', 'terra coffee (shopee) muh.alfaputraniqram', 'Shopee') ON CONFLICT (customer_code) DO NOTHING;
INSERT INTO customers (customer_code, name, type) VALUES ('ID2760', 'chima fried chicken', 'Reguler') ON CONFLICT (customer_code) DO NOTHING;
INSERT INTO customers (customer_code, name, type) VALUES ('ID2761', 'beder indonesia (reseler)', 'Reseller') ON CONFLICT (customer_code) DO NOTHING;
INSERT INTO customers (customer_code, name, type) VALUES ('ID2762', 'taman anggrek', 'Reguler') ON CONFLICT (customer_code) DO NOTHING;
INSERT INTO customers (customer_code, name, type) VALUES ('ID2763', 'es teh berkah arrazzaq', 'Reguler') ON CONFLICT (customer_code) DO NOTHING;
INSERT INTO customers (customer_code, name, type) VALUES ('ID2764', 'coffee 89', 'Reguler') ON CONFLICT (customer_code) DO NOTHING;
INSERT INTO customers (customer_code, name, type) VALUES ('ID2765', 'aseme', 'Reguler') ON CONFLICT (customer_code) DO NOTHING;
INSERT INTO customers (customer_code, name, type) VALUES ('ID2766', 'margasari (reseler)', 'Reseller') ON CONFLICT (customer_code) DO NOTHING;
INSERT INTO customers (customer_code, name, type) VALUES ('ID2767', 'jeruk peras safa', 'Reguler') ON CONFLICT (customer_code) DO NOTHING;
INSERT INTO customers (customer_code, name, type) VALUES ('ID2768', 'qulbuddin', 'Reguler') ON CONFLICT (customer_code) DO NOTHING;
INSERT INTO customers (customer_code, name, type) VALUES ('ID2769', 'omaru dimsum (tokopedia) sugio wicaksono', 'Tokopedia') ON CONFLICT (customer_code) DO NOTHING;
INSERT INTO customers (customer_code, name, type) VALUES ('ID2770', 'hosana drink', 'Reguler') ON CONFLICT (customer_code) DO NOTHING;
INSERT INTO customers (customer_code, name, type) VALUES ('ID2771', 'dawet item jeng alis (shopee) alissetianingsih', 'Shopee') ON CONFLICT (customer_code) DO NOTHING;
INSERT INTO customers (customer_code, name, type) VALUES ('ID2772', 'dawet item jeng alis', 'Reguler') ON CONFLICT (customer_code) DO NOTHING;
INSERT INTO customers (customer_code, name, type) VALUES ('ID2773', 'Room (shopee) ayusharizkqi', 'Shopee') ON CONFLICT (customer_code) DO NOTHING;
INSERT INTO customers (customer_code, name, type) VALUES ('ID2774', 'billiton coffee (shopee) dheem2', 'Shopee') ON CONFLICT (customer_code) DO NOTHING;
INSERT INTO customers (customer_code, name, type) VALUES ('ID2775', 'm coffee (shopee) dipo.dirgantoro', 'Shopee') ON CONFLICT (customer_code) DO NOTHING;
INSERT INTO customers (customer_code, name, type) VALUES ('ID2776', 'quinns drink (shopee) dyahaayuu_', 'Shopee') ON CONFLICT (customer_code) DO NOTHING;
INSERT INTO customers (customer_code, name, type) VALUES ('ID2777', 'cassfe', 'Reguler') ON CONFLICT (customer_code) DO NOTHING;
INSERT INTO customers (customer_code, name, type) VALUES ('ID2778', 'oranye', 'Reguler') ON CONFLICT (customer_code) DO NOTHING;
INSERT INTO customers (customer_code, name, type) VALUES ('ID2779', 'coffee pyong', 'Reguler') ON CONFLICT (customer_code) DO NOTHING;
INSERT INTO customers (customer_code, name, type) VALUES ('ID2780', 'the panteras', 'Reguler') ON CONFLICT (customer_code) DO NOTHING;
INSERT INTO customers (customer_code, name, type) VALUES ('ID2781', 'megu chicken', 'Reguler') ON CONFLICT (customer_code) DO NOTHING;
INSERT INTO customers (customer_code, name, type) VALUES ('ID2782', 'kava coffee (shopee) aidatassha', 'Shopee') ON CONFLICT (customer_code) DO NOTHING;
INSERT INTO customers (customer_code, name, type) VALUES ('ID2783', 'jeruk ku (shopee) deliarahman_', 'Shopee') ON CONFLICT (customer_code) DO NOTHING;
INSERT INTO customers (customer_code, name, type) VALUES ('ID2784', 'maimo (shopee) novidinamaya82', 'Shopee') ON CONFLICT (customer_code) DO NOTHING;
INSERT INTO customers (customer_code, name, type) VALUES ('ID2785', 'icipana coffee', 'Reguler') ON CONFLICT (customer_code) DO NOTHING;
INSERT INTO customers (customer_code, name, type) VALUES ('ID2786', 'loka till drop', 'Reguler') ON CONFLICT (customer_code) DO NOTHING;
INSERT INTO customers (customer_code, name, type) VALUES ('ID2787', 'semesta coffee', 'Reguler') ON CONFLICT (customer_code) DO NOTHING;
INSERT INTO customers (customer_code, name, type) VALUES ('ID2788', 'teh tarik konoha', 'Reguler') ON CONFLICT (customer_code) DO NOTHING;
INSERT INTO customers (customer_code, name, type) VALUES ('ID2789', 'ngaso', 'Reguler') ON CONFLICT (customer_code) DO NOTHING;
INSERT INTO customers (customer_code, name, type) VALUES ('ID2790', 'denzig', 'Reguler') ON CONFLICT (customer_code) DO NOTHING;
INSERT INTO customers (customer_code, name, type) VALUES ('ID2791', 'duta tegal (lataran)', 'Reseller') ON CONFLICT (customer_code) DO NOTHING;
INSERT INTO customers (customer_code, name, type) VALUES ('ID2792', 'raja jus', 'Reguler') ON CONFLICT (customer_code) DO NOTHING;
INSERT INTO customers (customer_code, name, type) VALUES ('ID2793', 'sini aja coffee', 'Reguler') ON CONFLICT (customer_code) DO NOTHING;
INSERT INTO customers (customer_code, name, type) VALUES ('ID2794', 'orenji', 'Reguler') ON CONFLICT (customer_code) DO NOTHING;
INSERT INTO customers (customer_code, name, type) VALUES ('ID2795', 'dimsum kysah', 'Reguler') ON CONFLICT (customer_code) DO NOTHING;
INSERT INTO customers (customer_code, name, type) VALUES ('ID2796', 'kopiku.', 'Reguler') ON CONFLICT (customer_code) DO NOTHING;
INSERT INTO customers (customer_code, name, type) VALUES ('ID2797', 'kopi kita cirebon', 'Reguler') ON CONFLICT (customer_code) DO NOTHING;
INSERT INTO customers (customer_code, name, type) VALUES ('ID2798', 'kopling lombok (shopee) ayusugiani', 'Shopee') ON CONFLICT (customer_code) DO NOTHING;
INSERT INTO customers (customer_code, name, type) VALUES ('ID2799', 'kalaras', 'Reguler') ON CONFLICT (customer_code) DO NOTHING;
INSERT INTO customers (customer_code, name, type) VALUES ('ID2800', 'besok sore', 'Reguler') ON CONFLICT (customer_code) DO NOTHING;
INSERT INTO customers (customer_code, name, type) VALUES ('ID2801', 'casa terrace', 'Reguler') ON CONFLICT (customer_code) DO NOTHING;
INSERT INTO customers (customer_code, name, type) VALUES ('ID2802', 'breezy four AM (shopee) viviratnasari', 'Shopee') ON CONFLICT (customer_code) DO NOTHING;
INSERT INTO customers (customer_code, name, type) VALUES ('ID2803', 'sunnyshelz', 'Reguler') ON CONFLICT (customer_code) DO NOTHING;
INSERT INTO customers (customer_code, name, type) VALUES ('ID2804', 'toegoe', 'Reguler') ON CONFLICT (customer_code) DO NOTHING;
INSERT INTO customers (customer_code, name, type) VALUES ('ID2805', 'baraja siliwangi', 'Reguler') ON CONFLICT (customer_code) DO NOTHING;
INSERT INTO customers (customer_code, name, type) VALUES ('ID2806', 'kakak alek (shopee) zahraelif', 'Shopee') ON CONFLICT (customer_code) DO NOTHING;
INSERT INTO customers (customer_code, name, type) VALUES ('ID2807', 'ninety beans', 'Reguler') ON CONFLICT (customer_code) DO NOTHING;
INSERT INTO customers (customer_code, name, type) VALUES ('ID2808', 'savirakarimiyah (shopee)', 'Shopee') ON CONFLICT (customer_code) DO NOTHING;
INSERT INTO customers (customer_code, name, type) VALUES ('ID2809', 'mikacha (shopee) asrimei75', 'Shopee') ON CONFLICT (customer_code) DO NOTHING;
INSERT INTO customers (customer_code, name, type) VALUES ('ID2810', 'maryjois cafe', 'Reguler') ON CONFLICT (customer_code) DO NOTHING;
INSERT INTO customers (customer_code, name, type) VALUES ('ID2811', 'es teler alle', 'Reguler') ON CONFLICT (customer_code) DO NOTHING;
INSERT INTO customers (customer_code, name, type) VALUES ('ID2812', 'choco berry meltique', 'Reguler') ON CONFLICT (customer_code) DO NOTHING;
INSERT INTO customers (customer_code, name, type) VALUES ('ID2813', 'misuu', 'Reguler') ON CONFLICT (customer_code) DO NOTHING;
INSERT INTO customers (customer_code, name, type) VALUES ('ID2814', 'pahlawan coffee (shopee) dedekheriyana196', 'Shopee') ON CONFLICT (customer_code) DO NOTHING;
INSERT INTO customers (customer_code, name, type) VALUES ('ID2815', 'ngopi boss', 'Reguler') ON CONFLICT (customer_code) DO NOTHING;
INSERT INTO customers (customer_code, name, type) VALUES ('ID2816', 'khab khun (shopee) sahabatjajan', 'Shopee') ON CONFLICT (customer_code) DO NOTHING;
INSERT INTO customers (customer_code, name, type) VALUES ('ID2817', 'continuous (shopee) cls7gpga9s', 'Shopee') ON CONFLICT (customer_code) DO NOTHING;
INSERT INTO customers (customer_code, name, type) VALUES ('ID2818', 'ripah milk tea', 'Reguler') ON CONFLICT (customer_code) DO NOTHING;
INSERT INTO customers (customer_code, name, type) VALUES ('ID2819', 'kopi lagi', 'Reguler') ON CONFLICT (customer_code) DO NOTHING;
INSERT INTO customers (customer_code, name, type) VALUES ('ID2820', 'sera coffee.', 'Reguler') ON CONFLICT (customer_code) DO NOTHING;
INSERT INTO customers (customer_code, name, type) VALUES ('ID2821', 'matcha boy wtb', 'Reguler') ON CONFLICT (customer_code) DO NOTHING;
INSERT INTO customers (customer_code, name, type) VALUES ('ID2822', 'janji jiwa', 'Reguler') ON CONFLICT (customer_code) DO NOTHING;
INSERT INTO customers (customer_code, name, type) VALUES ('ID2823', 'es teh dua saudara', 'Reguler') ON CONFLICT (customer_code) DO NOTHING;
INSERT INTO customers (customer_code, name, type) VALUES ('ID2824', 'purevo matcha', 'Reguler') ON CONFLICT (customer_code) DO NOTHING;
INSERT INTO customers (customer_code, name, type) VALUES ('ID2825', 'lucky', 'Reguler') ON CONFLICT (customer_code) DO NOTHING;
INSERT INTO customers (customer_code, name, type) VALUES ('ID2826', 'kedai lowells', 'Reguler') ON CONFLICT (customer_code) DO NOTHING;
INSERT INTO customers (customer_code, name, type) VALUES ('ID2827', 'earlysips', 'Reguler') ON CONFLICT (customer_code) DO NOTHING;
INSERT INTO customers (customer_code, name, type) VALUES ('ID2828', 'bamboo smothies', 'Reguler') ON CONFLICT (customer_code) DO NOTHING;
INSERT INTO customers (customer_code, name, type) VALUES ('ID2829', 'teman meriah (shopee) ruthnathanelya', 'Shopee') ON CONFLICT (customer_code) DO NOTHING;
INSERT INTO customers (customer_code, name, type) VALUES ('ID2830', 'percaya kopi (shopee) vaniabella96', 'Shopee') ON CONFLICT (customer_code) DO NOTHING;
INSERT INTO customers (customer_code, name, type) VALUES ('ID2831', 'blend juice and coffee', 'Reguler') ON CONFLICT (customer_code) DO NOTHING;
INSERT INTO customers (customer_code, name, type) VALUES ('ID2832', 'the club house', 'Reguler') ON CONFLICT (customer_code) DO NOTHING;
INSERT INTO customers (customer_code, name, type) VALUES ('ID2833', 'kopi go (reseller gerobak juara)''', 'Reseller') ON CONFLICT (customer_code) DO NOTHING;
INSERT INTO customers (customer_code, name, type) VALUES ('ID2834', 'warung sambal maknyos (shopee) natasyainjaya', 'Shopee') ON CONFLICT (customer_code) DO NOTHING;
INSERT INTO customers (customer_code, name, type) VALUES ('ID2835', 'namu coffee', 'Reguler') ON CONFLICT (customer_code) DO NOTHING;
INSERT INTO customers (customer_code, name, type) VALUES ('ID2836', 'pondasi warga (shopee) satrianaufalputraansar', 'Shopee') ON CONFLICT (customer_code) DO NOTHING;
INSERT INTO customers (customer_code, name, type) VALUES ('ID2837', 'seduh coffee and tea', 'Reguler') ON CONFLICT (customer_code) DO NOTHING;
INSERT INTO customers (customer_code, name, type) VALUES ('ID2838', 'minumin ajja', 'Reguler') ON CONFLICT (customer_code) DO NOTHING;
INSERT INTO customers (customer_code, name, type) VALUES ('ID2839', 'the journey (shopee) thejourney494', 'Shopee') ON CONFLICT (customer_code) DO NOTHING;
INSERT INTO customers (customer_code, name, type) VALUES ('ID2840', 'seramai', 'Reguler') ON CONFLICT (customer_code) DO NOTHING;
INSERT INTO customers (customer_code, name, type) VALUES ('ID2841', 'humaru coffee (shopee) isaclewis1997', 'Shopee') ON CONFLICT (customer_code) DO NOTHING;
INSERT INTO customers (customer_code, name, type) VALUES ('ID2842', 'moya cirebon', 'Reguler') ON CONFLICT (customer_code) DO NOTHING;
INSERT INTO customers (customer_code, name, type) VALUES ('ID2843', 'seduhanz', 'Reguler') ON CONFLICT (customer_code) DO NOTHING;
INSERT INTO customers (customer_code, name, type) VALUES ('ID2844', 'lataran (reseller) duta sablon tegal', 'Reseller') ON CONFLICT (customer_code) DO NOTHING;
INSERT INTO customers (customer_code, name, type) VALUES ('ID2845', 'korejat', 'Reguler') ON CONFLICT (customer_code) DO NOTHING;
INSERT INTO customers (customer_code, name, type) VALUES ('ID2846', 'mori (shopee) imeldachen09', 'Shopee') ON CONFLICT (customer_code) DO NOTHING;
INSERT INTO customers (customer_code, name, type) VALUES ('ID2847', 'joybox (shopee) indoglowmart', 'Shopee') ON CONFLICT (customer_code) DO NOTHING;
INSERT INTO customers (customer_code, name, type) VALUES ('ID2848', 'mamamatcha', 'Shopee') ON CONFLICT (customer_code) DO NOTHING;
INSERT INTO customers (customer_code, name, type) VALUES ('ID2849', 'niecoffee', 'Shopee') ON CONFLICT (customer_code) DO NOTHING;
INSERT INTO customers (customer_code, name, type) VALUES ('ID2850', 'miko.', 'Reguler') ON CONFLICT (customer_code) DO NOTHING;
INSERT INTO customers (customer_code, name, type) VALUES ('ID2851', 'jeruk peras embi ema', 'Reguler') ON CONFLICT (customer_code) DO NOTHING;
INSERT INTO customers (customer_code, name, type) VALUES ('ID2852', 'IT coffee', 'Reguler') ON CONFLICT (customer_code) DO NOTHING;
INSERT INTO customers (customer_code, name, type) VALUES ('ID2853', 'butter bites', 'Reguler') ON CONFLICT (customer_code) DO NOTHING;
INSERT INTO customers (customer_code, name, type) VALUES ('ID2854', 'teh tarik bima', 'Reguler') ON CONFLICT (customer_code) DO NOTHING;
INSERT INTO customers (customer_code, name, type) VALUES ('ID2855', 'blitea', 'Reguler') ON CONFLICT (customer_code) DO NOTHING;
INSERT INTO customers (customer_code, name, type) VALUES ('ID2856', 'cherry baby & kids (shopee) cherrybabyandkidsshop', 'Shopee') ON CONFLICT (customer_code) DO NOTHING;
INSERT INTO customers (customer_code, name, type) VALUES ('ID2857', 'tiger coffee (shopee) dedekheriyana196', 'Shopee') ON CONFLICT (customer_code) DO NOTHING;
INSERT INTO customers (customer_code, name, type) VALUES ('ID2858', 'patra coffee', 'Reguler') ON CONFLICT (customer_code) DO NOTHING;
INSERT INTO customers (customer_code, name, type) VALUES ('ID2859', 'matcha kocok', 'Reguler') ON CONFLICT (customer_code) DO NOTHING;
INSERT INTO customers (customer_code, name, type) VALUES ('ID2860', 'es suket sarireja (shopee) ilyshalihah', 'Shopee') ON CONFLICT (customer_code) DO NOTHING;
INSERT INTO customers (customer_code, name, type) VALUES ('ID2861', 'mangan ning umah', 'Reguler') ON CONFLICT (customer_code) DO NOTHING;
INSERT INTO customers (customer_code, name, type) VALUES ('ID2862', 'izzbrew (shopee) rna2806', 'Shopee') ON CONFLICT (customer_code) DO NOTHING;
INSERT INTO customers (customer_code, name, type) VALUES ('ID2863', 'qwinn (shopee) laysa.lutfi', 'Shopee') ON CONFLICT (customer_code) DO NOTHING;
INSERT INTO customers (customer_code, name, type) VALUES ('ID2864', 'kedai zenn', 'Reguler') ON CONFLICT (customer_code) DO NOTHING;
INSERT INTO customers (customer_code, name, type) VALUES ('ID2865', 'kalifa skincare', 'Reguler') ON CONFLICT (customer_code) DO NOTHING;
INSERT INTO customers (customer_code, name, type) VALUES ('ID2866', 'kidult dreamils (shopee) meidina42', 'Shopee') ON CONFLICT (customer_code) DO NOTHING;
INSERT INTO customers (customer_code, name, type) VALUES ('ID2867', 'kopi kita bae', 'Reguler') ON CONFLICT (customer_code) DO NOTHING;
INSERT INTO customers (customer_code, name, type) VALUES ('ID2868', 'di kopi in', 'Reguler') ON CONFLICT (customer_code) DO NOTHING;
INSERT INTO customers (customer_code, name, type) VALUES ('ID2869', 'kedai kopi ok', 'Reguler') ON CONFLICT (customer_code) DO NOTHING;
INSERT INTO customers (customer_code, name, type) VALUES ('ID2870', 'barakat (shopee) jannatisosio', 'Shopee') ON CONFLICT (customer_code) DO NOTHING;
INSERT INTO customers (customer_code, name, type) VALUES ('ID2871', 'wakafresho (shopee) consistency.studio', 'Shopee') ON CONFLICT (customer_code) DO NOTHING;
INSERT INTO customers (customer_code, name, type) VALUES ('ID2872', 'barakat (shopee) jannatisosio', 'Shopee') ON CONFLICT (customer_code) DO NOTHING;
INSERT INTO customers (customer_code, name, type) VALUES ('ID2873', 'toko mahessa', 'Reguler') ON CONFLICT (customer_code) DO NOTHING;
INSERT INTO customers (customer_code, name, type) VALUES ('ID2874', 'mono chrome', 'Reguler') ON CONFLICT (customer_code) DO NOTHING;
INSERT INTO customers (customer_code, name, type) VALUES ('ID2875', 'mamatcha indramayu', 'Reguler') ON CONFLICT (customer_code) DO NOTHING;
INSERT INTO customers (customer_code, name, type) VALUES ('ID2876', 'fein coffee', 'Reguler') ON CONFLICT (customer_code) DO NOTHING;
INSERT INTO customers (customer_code, name, type) VALUES ('ID2877', 'bayuni patra', 'Reguler') ON CONFLICT (customer_code) DO NOTHING;
INSERT INTO customers (customer_code, name, type) VALUES ('ID2878', 'degan sweger (shopee) penahexa', 'Shopee') ON CONFLICT (customer_code) DO NOTHING;
INSERT INTO customers (customer_code, name, type) VALUES ('ID2879', 'es dawet 2 putra', 'Reguler') ON CONFLICT (customer_code) DO NOTHING;
INSERT INTO customers (customer_code, name, type) VALUES ('ID2880', 'cafe de jo (shopee) joannats171', 'Shopee') ON CONFLICT (customer_code) DO NOTHING;
INSERT INTO customers (customer_code, name, type) VALUES ('ID2881', 'four wheels', 'Reguler') ON CONFLICT (customer_code) DO NOTHING;
INSERT INTO customers (customer_code, name, type) VALUES ('ID2882', 'wedding eka bisri', 'Reguler') ON CONFLICT (customer_code) DO NOTHING;
INSERT INTO customers (customer_code, name, type) VALUES ('ID2883', 'ayam swasta', 'Reguler') ON CONFLICT (customer_code) DO NOTHING;
INSERT INTO customers (customer_code, name, type) VALUES ('ID2884', 'teras coffee', 'Reguler') ON CONFLICT (customer_code) DO NOTHING;
INSERT INTO customers (customer_code, name, type) VALUES ('ID2885', 'teh gempoel', 'Reguler') ON CONFLICT (customer_code) DO NOTHING;
INSERT INTO customers (customer_code, name, type) VALUES ('ID2886', 'sae coffee & dining', 'Reguler') ON CONFLICT (customer_code) DO NOTHING;
INSERT INTO customers (customer_code, name, type) VALUES ('ID2887', 'DN coffee (shopee) rjndr96', 'Shopee') ON CONFLICT (customer_code) DO NOTHING;
INSERT INTO customers (customer_code, name, type) VALUES ('ID2888', 'coffee ngampus', 'Reguler') ON CONFLICT (customer_code) DO NOTHING;
INSERT INTO customers (customer_code, name, type) VALUES ('ID2889', 'uri gom', 'Reguler') ON CONFLICT (customer_code) DO NOTHING;
INSERT INTO customers (customer_code, name, type) VALUES ('ID2890', 'st.lucha', 'Reguler') ON CONFLICT (customer_code) DO NOTHING;
INSERT INTO customers (customer_code, name, type) VALUES ('ID2891', 'aksararasa', 'Reguler') ON CONFLICT (customer_code) DO NOTHING;
INSERT INTO customers (customer_code, name, type) VALUES ('ID2892', 'teh gebetan', 'Shopee') ON CONFLICT (customer_code) DO NOTHING;
INSERT INTO customers (customer_code, name, type) VALUES ('ID2893', 'serba ungu (shopee)', 'Reguler') ON CONFLICT (customer_code) DO NOTHING;
INSERT INTO customers (customer_code, name, type) VALUES ('ID2894', 'srasa', 'Reguler') ON CONFLICT (customer_code) DO NOTHING;
INSERT INTO customers (customer_code, name, type) VALUES ('ID2895', 'es satu kopi', 'Reguler') ON CONFLICT (customer_code) DO NOTHING;
INSERT INTO customers (customer_code, name, type) VALUES ('ID2896', 'mba sum laundry', 'Reguler') ON CONFLICT (customer_code) DO NOTHING;
INSERT INTO customers (customer_code, name, type) VALUES ('ID2897', 'aime cafe', 'Reguler') ON CONFLICT (customer_code) DO NOTHING;
INSERT INTO customers (customer_code, name, type) VALUES ('ID2898', 'mili coffee (shopee) cls7gpga9s', 'Shopee') ON CONFLICT (customer_code) DO NOTHING;
INSERT INTO customers (customer_code, name, type) VALUES ('ID2899', 'nescafe', 'Reguler') ON CONFLICT (customer_code) DO NOTHING;
INSERT INTO customers (customer_code, name, type) VALUES ('ID2900', 'calmara', 'Reguler') ON CONFLICT (customer_code) DO NOTHING;
INSERT INTO customers (customer_code, name, type) VALUES ('ID2901', 'es alaji', 'Reguler') ON CONFLICT (customer_code) DO NOTHING;
INSERT INTO customers (customer_code, name, type) VALUES ('ID2902', 'titik singgah', 'Reguler') ON CONFLICT (customer_code) DO NOTHING;
INSERT INTO customers (customer_code, name, type) VALUES ('ID2903', 'coffee eighteen', 'Reguler') ON CONFLICT (customer_code) DO NOTHING;
INSERT INTO customers (customer_code, name, type) VALUES ('ID2904', 'my dessert', 'Reguler') ON CONFLICT (customer_code) DO NOTHING;
INSERT INTO customers (customer_code, name, type) VALUES ('ID2905', 'breco dejuss (reseler)', 'Reseller') ON CONFLICT (customer_code) DO NOTHING;
INSERT INTO customers (customer_code, name, type) VALUES ('ID2906', 'ina cookies (shopee) inacookiessamarinda', 'Shopee') ON CONFLICT (customer_code) DO NOTHING;
INSERT INTO customers (customer_code, name, type) VALUES ('ID2907', 'dsultan (shopee) 19c_049_silfiarizkimulya', 'Shopee') ON CONFLICT (customer_code) DO NOTHING;
INSERT INTO customers (customer_code, name, type) VALUES ('ID2908', 'cherelle', 'Reguler') ON CONFLICT (customer_code) DO NOTHING;
INSERT INTO customers (customer_code, name, type) VALUES ('ID2909', 'matcha cafe (shopee) shopatblow', 'Shopee') ON CONFLICT (customer_code) DO NOTHING;
INSERT INTO customers (customer_code, name, type) VALUES ('ID2910', 'twenty degreess', 'Reguler') ON CONFLICT (customer_code) DO NOTHING;
INSERT INTO customers (customer_code, name, type) VALUES ('ID2911', 'bonara cup', 'Reguler') ON CONFLICT (customer_code) DO NOTHING;
INSERT INTO customers (customer_code, name, type) VALUES ('ID2912', 'elden', 'Reguler') ON CONFLICT (customer_code) DO NOTHING;
INSERT INTO customers (customer_code, name, type) VALUES ('ID2913', 'ramesan cumi', 'Reguler') ON CONFLICT (customer_code) DO NOTHING;
INSERT INTO customers (customer_code, name, type) VALUES ('ID2914', 'joca coffee', 'Reguler') ON CONFLICT (customer_code) DO NOTHING;
INSERT INTO customers (customer_code, name, type) VALUES ('ID2915', 'keciput', 'Reguler') ON CONFLICT (customer_code) DO NOTHING;
INSERT INTO customers (customer_code, name, type) VALUES ('ID2916', 'miko', 'Reguler') ON CONFLICT (customer_code) DO NOTHING;
INSERT INTO customers (customer_code, name, type) VALUES ('ID2917', 'es teboy (shopee) adeilham25', 'Shopee') ON CONFLICT (customer_code) DO NOTHING;
INSERT INTO customers (customer_code, name, type) VALUES ('ID2918', 'warman maulana (shopee) iy4zezs_rk', 'Shopee') ON CONFLICT (customer_code) DO NOTHING;
INSERT INTO customers (customer_code, name, type) VALUES ('ID2919', 'es teler weswey', 'Reguler') ON CONFLICT (customer_code) DO NOTHING;
INSERT INTO customers (customer_code, name, type) VALUES ('ID2920', 'RM pondoh raos', 'Reguler') ON CONFLICT (customer_code) DO NOTHING;
INSERT INTO customers (customer_code, name, type) VALUES ('ID2921', 'pawa (shopee) tiaanggraini', 'Shopee') ON CONFLICT (customer_code) DO NOTHING;
INSERT INTO customers (customer_code, name, type) VALUES ('ID2922', 'es teh solo (shopee) yantiinr', 'Shopee') ON CONFLICT (customer_code) DO NOTHING;
INSERT INTO customers (customer_code, name, type) VALUES ('ID2923', 'aksa.', 'Reguler') ON CONFLICT (customer_code) DO NOTHING;
INSERT INTO customers (customer_code, name, type) VALUES ('ID2924', 'cultura', 'Reguler') ON CONFLICT (customer_code) DO NOTHING;
INSERT INTO customers (customer_code, name, type) VALUES ('ID2925', 'masbro cirebon', 'Reguler') ON CONFLICT (customer_code) DO NOTHING;
INSERT INTO customers (customer_code, name, type) VALUES ('ID2926', 'duta tegal (es seger sakiya)', 'Reseller') ON CONFLICT (customer_code) DO NOTHING;
INSERT INTO customers (customer_code, name, type) VALUES ('ID2927', 'duta tegal (batara nyoklat)', 'Reseller') ON CONFLICT (customer_code) DO NOTHING;
INSERT INTO customers (customer_code, name, type) VALUES ('ID2928', 'langen sari coffee', 'Reguler') ON CONFLICT (customer_code) DO NOTHING;
INSERT INTO customers (customer_code, name, type) VALUES ('ID2929', 'bilsya coffee & tea', 'Reguler') ON CONFLICT (customer_code) DO NOTHING;
INSERT INTO customers (customer_code, name, type) VALUES ('ID2930', 'kopi dua satu', 'Reguler') ON CONFLICT (customer_code) DO NOTHING;
INSERT INTO customers (customer_code, name, type) VALUES ('ID2931', 'dawet tjap nona', 'Reguler') ON CONFLICT (customer_code) DO NOTHING;
INSERT INTO customers (customer_code, name, type) VALUES ('ID2932', 'teh sejahtera', 'Reguler') ON CONFLICT (customer_code) DO NOTHING;
INSERT INTO customers (customer_code, name, type) VALUES ('ID2933', 'mug caroni', 'Reguler') ON CONFLICT (customer_code) DO NOTHING;
INSERT INTO customers (customer_code, name, type) VALUES ('ID2934', 'joybox plastik', 'Reguler') ON CONFLICT (customer_code) DO NOTHING;
INSERT INTO customers (customer_code, name, type) VALUES ('ID2935', 'minago', 'Reguler') ON CONFLICT (customer_code) DO NOTHING;
INSERT INTO customers (customer_code, name, type) VALUES ('ID2936', 'amni.fitriani (shopee)', 'Shopee') ON CONFLICT (customer_code) DO NOTHING;
INSERT INTO customers (customer_code, name, type) VALUES ('ID2937', 'riyantioctaviany284 (shopee)', 'Shopee') ON CONFLICT (customer_code) DO NOTHING;
INSERT INTO customers (customer_code, name, type) VALUES ('ID2938', 'lulunisa (shopee)', 'Shopee') ON CONFLICT (customer_code) DO NOTHING;
INSERT INTO customers (customer_code, name, type) VALUES ('ID2939', 'waduy_cell (shopee)', 'Shopee') ON CONFLICT (customer_code) DO NOTHING;
INSERT INTO customers (customer_code, name, type) VALUES ('ID2940', 'dewi120692 (shopee)', 'Shopee') ON CONFLICT (customer_code) DO NOTHING;
INSERT INTO customers (customer_code, name, type) VALUES ('ID2941', 'anggonila (shopee)', 'Shopee') ON CONFLICT (customer_code) DO NOTHING;
INSERT INTO customers (customer_code, name, type) VALUES ('ID2942', 'sayurdapurdevita (shopee)', 'Shopee') ON CONFLICT (customer_code) DO NOTHING;
INSERT INTO customers (customer_code, name, type) VALUES ('ID2943', 'rajo coffee (shopee) rajocoffee_medan', 'Shopee') ON CONFLICT (customer_code) DO NOTHING;
INSERT INTO customers (customer_code, name, type) VALUES ('ID2944', 'Dr coffee (shopee) rjndr96', 'Shopee') ON CONFLICT (customer_code) DO NOTHING;
INSERT INTO customers (customer_code, name, type) VALUES ('ID2945', 'adalah.co by kopi muara', 'Reguler') ON CONFLICT (customer_code) DO NOTHING;
INSERT INTO customers (customer_code, name, type) VALUES ('ID2946', 'chuabee95 (shopee)', 'Shopee') ON CONFLICT (customer_code) DO NOTHING;
INSERT INTO customers (customer_code, name, type) VALUES ('ID2947', 'bazzaar.id (shopee)', 'Shopee') ON CONFLICT (customer_code) DO NOTHING;
INSERT INTO customers (customer_code, name, type) VALUES ('ID2948', 'bbychan (shopee)', 'Shopee') ON CONFLICT (customer_code) DO NOTHING;
INSERT INTO customers (customer_code, name, type) VALUES ('ID2949', 'nurlalelydamayanti (shopee)', 'Shopee') ON CONFLICT (customer_code) DO NOTHING;
INSERT INTO customers (customer_code, name, type) VALUES ('ID2950', 'yeni57 (shopee)', 'Shopee') ON CONFLICT (customer_code) DO NOTHING;
INSERT INTO customers (customer_code, name, type) VALUES ('ID2951', '5rc181sjhm (shopee)', 'Shopee') ON CONFLICT (customer_code) DO NOTHING;
INSERT INTO customers (customer_code, name, type) VALUES ('ID2953', 'selintas kopi', 'Reguler') ON CONFLICT (customer_code) DO NOTHING;
INSERT INTO customers (customer_code, name, type) VALUES ('ID2954', 'yayah_86 (shopee)', 'Shopee') ON CONFLICT (customer_code) DO NOTHING;
INSERT INTO customers (customer_code, name, type) VALUES ('ID2955', 'nadhiramisya (shopee)', 'Shopee') ON CONFLICT (customer_code) DO NOTHING;
INSERT INTO customers (customer_code, name, type) VALUES ('ID2956', 'sityjuleha560 (shopee)', 'Shopee') ON CONFLICT (customer_code) DO NOTHING;
INSERT INTO customers (customer_code, name, type) VALUES ('ID2957', 'renaw871 (shopee)', 'Shopee') ON CONFLICT (customer_code) DO NOTHING;
INSERT INTO customers (customer_code, name, type) VALUES ('ID2958', 'sattuga eatery (shopee) sattugaeatery', 'Shopee') ON CONFLICT (customer_code) DO NOTHING;
INSERT INTO customers (customer_code, name, type) VALUES ('ID2959', 'bedjo', 'Reguler') ON CONFLICT (customer_code) DO NOTHING;
INSERT INTO customers (customer_code, name, type) VALUES ('ID2960', 'gerobak coffe', 'Reguler') ON CONFLICT (customer_code) DO NOTHING;
INSERT INTO customers (customer_code, name, type) VALUES ('ID2961', 'minara house', 'Reguler') ON CONFLICT (customer_code) DO NOTHING;
INSERT INTO customers (customer_code, name, type) VALUES ('ID2962', 'd sultan', 'Reguler') ON CONFLICT (customer_code) DO NOTHING;
INSERT INTO customers (customer_code, name, type) VALUES ('ID2963', 'kemare.id', 'Reguler') ON CONFLICT (customer_code) DO NOTHING;
INSERT INTO customers (customer_code, name, type) VALUES ('ID2964', 'devijogja2016 (shopee)', 'Shopee') ON CONFLICT (customer_code) DO NOTHING;
INSERT INTO customers (customer_code, name, type) VALUES ('ID2965', 'barakat crb (shopee) barakatmr', 'Shopee') ON CONFLICT (customer_code) DO NOTHING;
INSERT INTO customers (customer_code, name, type) VALUES ('ID2966', 'rqerynh79j (shopee)', 'Shopee') ON CONFLICT (customer_code) DO NOTHING;
INSERT INTO customers (customer_code, name, type) VALUES ('ID2967', 'ellysanaiajanuarty (shopee)', 'Shopee') ON CONFLICT (customer_code) DO NOTHING;
INSERT INTO customers (customer_code, name, type) VALUES ('ID2968', 'j cafe (shopee) ifanferdinan851', 'Shopee') ON CONFLICT (customer_code) DO NOTHING;
INSERT INTO customers (customer_code, name, type) VALUES ('ID2969', 'lomrah550 (shopee)', 'Shopee') ON CONFLICT (customer_code) DO NOTHING;
INSERT INTO customers (customer_code, name, type) VALUES ('ID2970', 'vshort191 (shopee)', 'Shopee') ON CONFLICT (customer_code) DO NOTHING;
INSERT INTO customers (customer_code, name, type) VALUES ('ID2971', 'zulaikhasutoyo (shopee)', 'Shopee') ON CONFLICT (customer_code) DO NOTHING;
INSERT INTO customers (customer_code, name, type) VALUES ('ID2972', 'yenny_uwwie (shopee)', 'Shopee') ON CONFLICT (customer_code) DO NOTHING;
INSERT INTO customers (customer_code, name, type) VALUES ('ID2973', 'rizkameiliana351 (shopee)', 'Shopee') ON CONFLICT (customer_code) DO NOTHING;
INSERT INTO customers (customer_code, name, type) VALUES ('ID2974', 'latifsetiyo (shopee)', 'Shopee') ON CONFLICT (customer_code) DO NOTHING;
INSERT INTO customers (customer_code, name, type) VALUES ('ID2975', 'zaynaff (shopee)', 'Shopee') ON CONFLICT (customer_code) DO NOTHING;
INSERT INTO customers (customer_code, name, type) VALUES ('ID2976', 'guntursukmo (shopee)', 'Shopee') ON CONFLICT (customer_code) DO NOTHING;
INSERT INTO customers (customer_code, name, type) VALUES ('ID2977', 'ryasusanti (shopee)', 'Shopee') ON CONFLICT (customer_code) DO NOTHING;
INSERT INTO customers (customer_code, name, type) VALUES ('ID2978', 'sitiaisah_130995 (shopee)', 'Shopee') ON CONFLICT (customer_code) DO NOTHING;
INSERT INTO customers (customer_code, name, type) VALUES ('ID2979', 'elvitriyanti (shopee)', 'Shopee') ON CONFLICT (customer_code) DO NOTHING;
INSERT INTO customers (customer_code, name, type) VALUES ('ID2980', 'latifsetiyo (shopee)', 'Shopee') ON CONFLICT (customer_code) DO NOTHING;
INSERT INTO customers (customer_code, name, type) VALUES ('ID2981', 'mamahnya.anin (shopee)', 'Shopee') ON CONFLICT (customer_code) DO NOTHING;
INSERT INTO customers (customer_code, name, type) VALUES ('ID2982', 'pahlawan coffee (shopee) dedekheriyana196', 'Shopee') ON CONFLICT (customer_code) DO NOTHING;
INSERT INTO customers (customer_code, name, type) VALUES ('ID2983', 'chill game club (shopee) explain.wear', 'Shopee') ON CONFLICT (customer_code) DO NOTHING;
INSERT INTO customers (customer_code, name, type) VALUES ('ID2984', 'yogi_1992 (shopee)', 'Shopee') ON CONFLICT (customer_code) DO NOTHING;
INSERT INTO customers (customer_code, name, type) VALUES ('ID2985', 'amat.abay (shopee)', 'Shopee') ON CONFLICT (customer_code) DO NOTHING;
INSERT INTO customers (customer_code, name, type) VALUES ('ID2986', 'susiisna52 (shopee)', 'Shopee') ON CONFLICT (customer_code) DO NOTHING;
INSERT INTO customers (customer_code, name, type) VALUES ('ID2987', 'zackyatuladibah (shopee)', 'Shopee') ON CONFLICT (customer_code) DO NOTHING;
INSERT INTO customers (customer_code, name, type) VALUES ('ID2988', 'sedjahterra', 'Reguler') ON CONFLICT (customer_code) DO NOTHING;
INSERT INTO customers (customer_code, name, type) VALUES ('ID2989', 'coffee kappa (shopee) zulal16', 'Shopee') ON CONFLICT (customer_code) DO NOTHING;
INSERT INTO customers (customer_code, name, type) VALUES ('ID2990', 'es kopi rimba (shopee) annasya2006', 'Shopee') ON CONFLICT (customer_code) DO NOTHING;
INSERT INTO customers (customer_code, name, type) VALUES ('ID2991', 'es kopi rimba (shopee) shintayuliati2103', 'Shopee') ON CONFLICT (customer_code) DO NOTHING;
INSERT INTO customers (customer_code, name, type) VALUES ('ID2992', 'my cha', 'Reguler') ON CONFLICT (customer_code) DO NOTHING;
INSERT INTO customers (customer_code, name, type) VALUES ('ID2993', 'davidec (shopee)', 'Shopee') ON CONFLICT (customer_code) DO NOTHING;
INSERT INTO customers (customer_code, name, type) VALUES ('ID2994', 'kopi dari kita', 'Reguler') ON CONFLICT (customer_code) DO NOTHING;
INSERT INTO customers (customer_code, name, type) VALUES ('ID2995', 'kedai zan', 'Reguler') ON CONFLICT (customer_code) DO NOTHING;
INSERT INTO customers (customer_code, name, type) VALUES ('ID2996', 'miopio (shopee)', 'Shopee') ON CONFLICT (customer_code) DO NOTHING;
INSERT INTO customers (customer_code, name, type) VALUES ('ID2997', 'pangsit njedok (shopee) teddyy9', 'Shopee') ON CONFLICT (customer_code) DO NOTHING;
INSERT INTO customers (customer_code, name, type) VALUES ('ID2998', 'purwantiputri123 (shopee)', 'Shopee') ON CONFLICT (customer_code) DO NOTHING;
INSERT INTO customers (customer_code, name, type) VALUES ('ID2999', 'liezmamarcel (shopee)', 'Shopee') ON CONFLICT (customer_code) DO NOTHING;
INSERT INTO customers (customer_code, name, type) VALUES ('ID3000', 'krismi_utamii (shopee)', 'Shopee') ON CONFLICT (customer_code) DO NOTHING;
INSERT INTO customers (customer_code, name, type) VALUES ('ID3001', 'pangsit njedok (shopee) daytrasepdiokizahra', 'Shopee') ON CONFLICT (customer_code) DO NOTHING;
INSERT INTO customers (customer_code, name, type) VALUES ('ID3002', '_jh_6b3x4_ (shopee)', 'Shopee') ON CONFLICT (customer_code) DO NOTHING;
INSERT INTO customers (customer_code, name, type) VALUES ('ID3003', 'yanti.maryaa (shopee)', 'Shopee') ON CONFLICT (customer_code) DO NOTHING;
INSERT INTO customers (customer_code, name, type) VALUES ('ID3004', 'bagasrara2123 (shopee)', 'Shopee') ON CONFLICT (customer_code) DO NOTHING;
INSERT INTO customers (customer_code, name, type) VALUES ('ID3005', 'gatiistiana03 (shopee)', 'Shopee') ON CONFLICT (customer_code) DO NOTHING;
INSERT INTO customers (customer_code, name, type) VALUES ('ID3006', 'riskaanajani18 (shopee)', 'Shopee') ON CONFLICT (customer_code) DO NOTHING;
INSERT INTO customers (customer_code, name, type) VALUES ('ID3007', 'kevqix84w0 (shopee)', 'Shopee') ON CONFLICT (customer_code) DO NOTHING;
INSERT INTO customers (customer_code, name, type) VALUES ('ID3008', 'haibelibeli (shopee)', 'Shopee') ON CONFLICT (customer_code) DO NOTHING;
INSERT INTO customers (customer_code, name, type) VALUES ('ID3009', 'nuuuuuresa (shopee)', 'Shopee') ON CONFLICT (customer_code) DO NOTHING;
INSERT INTO customers (customer_code, name, type) VALUES ('ID3010', 'zumaroheni (shopee)', 'Shopee') ON CONFLICT (customer_code) DO NOTHING;
INSERT INTO customers (customer_code, name, type) VALUES ('ID3011', 'es kelapa.', 'Reguler') ON CONFLICT (customer_code) DO NOTHING;
INSERT INTO customers (customer_code, name, type) VALUES ('ID3012', 'mom_adharaadrian (shopee)', 'Shopee') ON CONFLICT (customer_code) DO NOTHING;
INSERT INTO customers (customer_code, name, type) VALUES ('ID3013', 'kjg9gxhb3h (shopee)', 'Shopee') ON CONFLICT (customer_code) DO NOTHING;
INSERT INTO customers (customer_code, name, type) VALUES ('ID3014', 'seraya (shopee) rhemananda', 'Shopee') ON CONFLICT (customer_code) DO NOTHING;
INSERT INTO customers (customer_code, name, type) VALUES ('ID3015', 'nileashary (shopee)', 'Shopee') ON CONFLICT (customer_code) DO NOTHING;
INSERT INTO customers (customer_code, name, type) VALUES ('ID3016', 'daemmon (shopee)', 'Shopee') ON CONFLICT (customer_code) DO NOTHING;
INSERT INTO customers (customer_code, name, type) VALUES ('ID3017', 'klaramita270490 (shopee)', 'Shopee') ON CONFLICT (customer_code) DO NOTHING;
INSERT INTO customers (customer_code, name, type) VALUES ('ID3018', 'devifitriani77 (shopee)', 'Shopee') ON CONFLICT (customer_code) DO NOTHING;
INSERT INTO customers (customer_code, name, type) VALUES ('ID3019', 'gen z signature (shopee) falofefeloyali', 'Shopee') ON CONFLICT (customer_code) DO NOTHING;
INSERT INTO customers (customer_code, name, type) VALUES ('ID3020', 'kopi minggu', 'Reguler') ON CONFLICT (customer_code) DO NOTHING;
INSERT INTO customers (customer_code, name, type) VALUES ('ID3021', 'tantina200199 (shopee)', 'Shopee') ON CONFLICT (customer_code) DO NOTHING;
INSERT INTO customers (customer_code, name, type) VALUES ('ID3022', 'dyas.a.s (shopee)', 'Shopee') ON CONFLICT (customer_code) DO NOTHING;
INSERT INTO customers (customer_code, name, type) VALUES ('ID3023', 'fifitlinggasari24 (shopee)', 'Shopee') ON CONFLICT (customer_code) DO NOTHING;
INSERT INTO customers (customer_code, name, type) VALUES ('ID3024', 'heloherneeds (shopee)', 'Shopee') ON CONFLICT (customer_code) DO NOTHING;
INSERT INTO customers (customer_code, name, type) VALUES ('ID3025', 'marllon_games (shopee)', 'Shopee') ON CONFLICT (customer_code) DO NOTHING;
INSERT INTO customers (customer_code, name, type) VALUES ('ID3026', 'lulukbaroroh89 (shopee)', 'Shopee') ON CONFLICT (customer_code) DO NOTHING;
INSERT INTO customers (customer_code, name, type) VALUES ('ID3027', 'evita_hu_21 (shopee)', 'Shopee') ON CONFLICT (customer_code) DO NOTHING;
INSERT INTO customers (customer_code, name, type) VALUES ('ID3028', 'darrell_rich (shopee)', 'Shopee') ON CONFLICT (customer_code) DO NOTHING;
INSERT INTO customers (customer_code, name, type) VALUES ('ID3029', 'evanjn6 (shopee)', 'Shopee') ON CONFLICT (customer_code) DO NOTHING;
INSERT INTO customers (customer_code, name, type) VALUES ('ID3030', 'klaramita270490 (shopee)', 'Shopee') ON CONFLICT (customer_code) DO NOTHING;
INSERT INTO customers (customer_code, name, type) VALUES ('ID3031', 'imamulhaf (shopee)', 'Shopee') ON CONFLICT (customer_code) DO NOTHING;
INSERT INTO customers (customer_code, name, type) VALUES ('ID3032', 'gefi_melyana1 (shopee)', 'Shopee') ON CONFLICT (customer_code) DO NOTHING;
INSERT INTO customers (customer_code, name, type) VALUES ('ID3033', 'aa.idang (shopee)', 'Shopee') ON CONFLICT (customer_code) DO NOTHING;
INSERT INTO customers (customer_code, name, type) VALUES ('ID3034', 'uphi01. (shopee)', 'Shopee') ON CONFLICT (customer_code) DO NOTHING;
INSERT INTO customers (customer_code, name, type) VALUES ('ID3035', 'yulita_praptiningrum (shopee)', 'Shopee') ON CONFLICT (customer_code) DO NOTHING;
INSERT INTO customers (customer_code, name, type) VALUES ('ID3036', 'maca and tea', 'Reguler') ON CONFLICT (customer_code) DO NOTHING;
INSERT INTO customers (customer_code, name, type) VALUES ('ID3037', 'kasiyati67 (shopee)', 'Shopee') ON CONFLICT (customer_code) DO NOTHING;
INSERT INTO customers (customer_code, name, type) VALUES ('ID3038', 'faizatunkamila (shopee)', 'Shopee') ON CONFLICT (customer_code) DO NOTHING;
INSERT INTO customers (customer_code, name, type) VALUES ('ID3039', 'sri2350 (shopee)', 'Shopee') ON CONFLICT (customer_code) DO NOTHING;
INSERT INTO customers (customer_code, name, type) VALUES ('ID3040', 'sri2350 (shopee)', 'Shopee') ON CONFLICT (customer_code) DO NOTHING;
INSERT INTO customers (customer_code, name, type) VALUES ('ID3041', 'retnodwi_92 (shopee)', 'Shopee') ON CONFLICT (customer_code) DO NOTHING;
INSERT INTO customers (customer_code, name, type) VALUES ('ID3042', 'destiawatiii (shopee)', 'Shopee') ON CONFLICT (customer_code) DO NOTHING;
INSERT INTO customers (customer_code, name, type) VALUES ('ID3043', 'es campur afuk (shopee) chaterin001', 'Shopee') ON CONFLICT (customer_code) DO NOTHING;
INSERT INTO customers (customer_code, name, type) VALUES ('ID3044', 'efendiadja (shopee)', 'Shopee') ON CONFLICT (customer_code) DO NOTHING;
INSERT INTO customers (customer_code, name, type) VALUES ('ID3045', 'dony777 (shopee)', 'Shopee') ON CONFLICT (customer_code) DO NOTHING;
INSERT INTO customers (customer_code, name, type) VALUES ('ID3046', 'mama_annesa (shopee)', 'Shopee') ON CONFLICT (customer_code) DO NOTHING;
INSERT INTO customers (customer_code, name, type) VALUES ('ID3047', 'indricantiq123 (shopee)', 'Shopee') ON CONFLICT (customer_code) DO NOTHING;
INSERT INTO customers (customer_code, name, type) VALUES ('ID3048', 'vitanoviani123 (shopee)', 'Shopee') ON CONFLICT (customer_code) DO NOTHING;
INSERT INTO customers (customer_code, name, type) VALUES ('ID3049', 'oiseee_ (shopee)', 'Shopee') ON CONFLICT (customer_code) DO NOTHING;
INSERT INTO customers (customer_code, name, type) VALUES ('ID3050', 'amorsukses (shopee)', 'Shopee') ON CONFLICT (customer_code) DO NOTHING;
INSERT INTO customers (customer_code, name, type) VALUES ('ID3051', 'peweray (shopee)', 'Shopee') ON CONFLICT (customer_code) DO NOTHING;
INSERT INTO customers (customer_code, name, type) VALUES ('ID3052', 'meyza.hijab (shopee)', 'Shopee') ON CONFLICT (customer_code) DO NOTHING;
INSERT INTO customers (customer_code, name, type) VALUES ('ID3053', 'juicy labs (shopee) happsbox', 'Shopee') ON CONFLICT (customer_code) DO NOTHING;
INSERT INTO customers (customer_code, name, type) VALUES ('ID3054', 's kena (shopee) kedainala', 'Shopee') ON CONFLICT (customer_code) DO NOTHING;
INSERT INTO customers (customer_code, name, type) VALUES ('ID3055', 'mhiuphiu106 (shopee)', 'Shopee') ON CONFLICT (customer_code) DO NOTHING;
INSERT INTO customers (customer_code, name, type) VALUES ('ID3056', 'egie234 (shopee)', 'Shopee') ON CONFLICT (customer_code) DO NOTHING;
INSERT INTO customers (customer_code, name, type) VALUES ('ID3057', 'northlab', 'Reguler') ON CONFLICT (customer_code) DO NOTHING;
INSERT INTO customers (customer_code, name, type) VALUES ('ID3058', 'nahlauci (shopee)', 'Shopee') ON CONFLICT (customer_code) DO NOTHING;
INSERT INTO customers (customer_code, name, type) VALUES ('ID3059', 'etern street coffee', 'Reguler') ON CONFLICT (customer_code) DO NOTHING;
INSERT INTO customers (customer_code, name, type) VALUES ('ID3061', 'fajrinazli835 (shopee)', 'Shopee') ON CONFLICT (customer_code) DO NOTHING;
INSERT INTO customers (customer_code, name, type) VALUES ('ID3062', 'legacy street coffee', 'Reguler') ON CONFLICT (customer_code) DO NOTHING;
INSERT INTO customers (customer_code, name, type) VALUES ('ID3063', 'sada coffee', 'Reguler') ON CONFLICT (customer_code) DO NOTHING;
INSERT INTO customers (customer_code, name, type) VALUES ('ID3065', 'marquis coffee', 'Reguler') ON CONFLICT (customer_code) DO NOTHING;
INSERT INTO customers (customer_code, name, type) VALUES ('ID3066', 'bestea.', 'Reguler') ON CONFLICT (customer_code) DO NOTHING;
INSERT INTO customers (customer_code, name, type) VALUES ('ID3067', 'the cotty (shopee) af.bunga', 'Shopee') ON CONFLICT (customer_code) DO NOTHING;
INSERT INTO customers (customer_code, name, type) VALUES ('ID3068', 'mlaku kopi', 'Reguler') ON CONFLICT (customer_code) DO NOTHING;
INSERT INTO customers (customer_code, name, type) VALUES ('ID3069', 'esteqiu (shopee) ammarramzy', 'Shopee') ON CONFLICT (customer_code) DO NOTHING;
INSERT INTO customers (customer_code, name, type) VALUES ('ID3070', 'itsmefi05_ (shopee)', 'Shopee') ON CONFLICT (customer_code) DO NOTHING;
INSERT INTO customers (customer_code, name, type) VALUES ('ID3071', 'the cotty (shopee) anitafloristt', 'Shopee') ON CONFLICT (customer_code) DO NOTHING;
INSERT INTO customers (customer_code, name, type) VALUES ('ID3072', 'es teh desa (shopee) lutfiwidyaa', 'Shopee') ON CONFLICT (customer_code) DO NOTHING;
INSERT INTO customers (customer_code, name, type) VALUES ('ID3073', 'raraachan03_ (shopee)', 'Shopee') ON CONFLICT (customer_code) DO NOTHING;
INSERT INTO customers (customer_code, name, type) VALUES ('ID3074', 'aziangnara (shopee)', 'Shopee') ON CONFLICT (customer_code) DO NOTHING;
INSERT INTO customers (customer_code, name, type) VALUES ('ID3075', 'lamiagoldsmg (shopee)', 'Shopee') ON CONFLICT (customer_code) DO NOTHING;
INSERT INTO customers (customer_code, name, type) VALUES ('ID3076', 'maha tea (shopee) lisnakarl02', 'Shopee') ON CONFLICT (customer_code) DO NOTHING;
INSERT INTO customers (customer_code, name, type) VALUES ('ID3077', 'cafe pandan wangi (shopee) ubaysaja', 'Shopee') ON CONFLICT (customer_code) DO NOTHING;
INSERT INTO customers (customer_code, name, type) VALUES ('ID3078', 'bumdes qita (duta tegal)', 'Reseller') ON CONFLICT (customer_code) DO NOTHING;
INSERT INTO customers (customer_code, name, type) VALUES ('ID3079', 'warung seduh coffee & tea (shopee) mama_annesa', 'Shopee') ON CONFLICT (customer_code) DO NOTHING;
INSERT INTO customers (customer_code, name, type) VALUES ('ID3080', 'gais kopi (shopee) maisyahbiotri', 'Shopee') ON CONFLICT (customer_code) DO NOTHING;
INSERT INTO customers (customer_code, name, type) VALUES ('ID3081', 'es teh kampoeng (shopee) hendrafirdaus20', 'Shopee') ON CONFLICT (customer_code) DO NOTHING;
INSERT INTO customers (customer_code, name, type) VALUES ('ID3082', 'tiskaayumi (shopee)', 'Shopee') ON CONFLICT (customer_code) DO NOTHING;
INSERT INTO customers (customer_code, name, type) VALUES ('ID3083', '23 caffe & resto (shopee) ptrumahkopiindonesia', 'Shopee') ON CONFLICT (customer_code) DO NOTHING;
INSERT INTO customers (customer_code, name, type) VALUES ('ID3084', 'adzkadila (shopee)', 'Shopee') ON CONFLICT (customer_code) DO NOTHING;
INSERT INTO customers (customer_code, name, type) VALUES ('ID3085', 'suciiputri (shopee)', 'Shopee') ON CONFLICT (customer_code) DO NOTHING;
INSERT INTO customers (customer_code, name, type) VALUES ('ID3086', 'kopi ciremai', 'Reguler') ON CONFLICT (customer_code) DO NOTHING;
INSERT INTO customers (customer_code, name, type) VALUES ('ID3087', 'black corner', 'Reguler') ON CONFLICT (customer_code) DO NOTHING;
INSERT INTO customers (customer_code, name, type) VALUES ('ID3088', 'cbu2mp_tuz (shopee)', 'Shopee') ON CONFLICT (customer_code) DO NOTHING;
INSERT INTO customers (customer_code, name, type) VALUES ('ID3089', 'es jeruk safa (shopee) filzasahara618', 'Shopee') ON CONFLICT (customer_code) DO NOTHING;
INSERT INTO customers (customer_code, name, type) VALUES ('ID3090', 'annasariiiii (shopee)', 'Shopee') ON CONFLICT (customer_code) DO NOTHING;
INSERT INTO customers (customer_code, name, type) VALUES ('ID3091', 'hekayulianafransiska (shopee)', 'Shopee') ON CONFLICT (customer_code) DO NOTHING;
INSERT INTO customers (customer_code, name, type) VALUES ('ID3092', 'teh njowo (shopee) vakaresky', 'Shopee') ON CONFLICT (customer_code) DO NOTHING;
INSERT INTO customers (customer_code, name, type) VALUES ('ID3093', 'me time iced tea', 'Reguler') ON CONFLICT (customer_code) DO NOTHING;
INSERT INTO customers (customer_code, name, type) VALUES ('ID3094', 'kopilimana (shopee) fsbyt2ax60', 'Shopee') ON CONFLICT (customer_code) DO NOTHING;
INSERT INTO customers (customer_code, name, type) VALUES ('ID3095', 'purchasinginterfb (shopee)', 'Shopee') ON CONFLICT (customer_code) DO NOTHING;
INSERT INTO customers (customer_code, name, type) VALUES ('ID3096', 'moko kopi', 'Reguler') ON CONFLICT (customer_code) DO NOTHING;
INSERT INTO customers (customer_code, name, type) VALUES ('ID3097', 'susu murni barokah jaya', 'Reguler') ON CONFLICT (customer_code) DO NOTHING;
INSERT INTO customers (customer_code, name, type) VALUES ('ID3098', 'duta sablon tegal.', 'Reseller') ON CONFLICT (customer_code) DO NOTHING;
INSERT INTO customers (customer_code, name, type) VALUES ('ID3099', 'monsi coffee', 'Reguler') ON CONFLICT (customer_code) DO NOTHING;
INSERT INTO customers (customer_code, name, type) VALUES ('ID3100', 'es kopi rimba (shopee) yessymarianagultom', 'Shopee') ON CONFLICT (customer_code) DO NOTHING;
INSERT INTO customers (customer_code, name, type) VALUES ('ID3101', 'man.soe coffee', 'Reguler') ON CONFLICT (customer_code) DO NOTHING;
INSERT INTO customers (customer_code, name, type) VALUES ('ID3102', 'dkriuk prapatan', 'Reguler') ON CONFLICT (customer_code) DO NOTHING;
INSERT INTO customers (customer_code, name, type) VALUES ('ID3103', 'Bee Drink', 'Reguler') ON CONFLICT (customer_code) DO NOTHING;
INSERT INTO customers (customer_code, name, type) VALUES ('ID3104', 'aii coffee (shopee) elisabet403', 'Shopee') ON CONFLICT (customer_code) DO NOTHING;
INSERT INTO customers (customer_code, name, type) VALUES ('ID3105', 'pyschox (shopee)', 'Shopee') ON CONFLICT (customer_code) DO NOTHING;
INSERT INTO customers (customer_code, name, type) VALUES ('ID3106', 'pyschox (shopee)', 'Shopee') ON CONFLICT (customer_code) DO NOTHING;
INSERT INTO customers (customer_code, name, type) VALUES ('ID3109', 'pyschox (shopee)', 'Shopee') ON CONFLICT (customer_code) DO NOTHING;
INSERT INTO customers (customer_code, name, type) VALUES ('ID3110', 'alexbhzr (shopee)', 'Shopee') ON CONFLICT (customer_code) DO NOTHING;

-- WORKSHOPS
INSERT INTO workshops (workshop_code, name, type) VALUES ('GUDANG', 'GUDANG Workshop', 'INTERNAL') ON CONFLICT (workshop_code) DO NOTHING;
INSERT INTO workshops (workshop_code, name, type) VALUES ('GLOBAL', 'GLOBAL Workshop', 'INTERNAL') ON CONFLICT (workshop_code) DO NOTHING;
INSERT INTO workshops (workshop_code, name, type) VALUES ('KING', 'King Workshop', 'INTERNAL') ON CONFLICT (workshop_code) DO NOTHING;

-- SUPPLIERS
INSERT INTO suppliers (name) VALUES ('makmur') ON CONFLICT (name) DO NOTHING;
INSERT INTO suppliers (name) VALUES ('indofoam') ON CONFLICT (name) DO NOTHING;
INSERT INTO suppliers (name) VALUES ('kemasan') ON CONFLICT (name) DO NOTHING;
INSERT INTO suppliers (name) VALUES ('unggul') ON CONFLICT (name) DO NOTHING;
INSERT INTO suppliers (name) VALUES ('qenari') ON CONFLICT (name) DO NOTHING;
INSERT INTO suppliers (name) VALUES ('qulbuddin A') ON CONFLICT (name) DO NOTHING;
INSERT INTO suppliers (name) VALUES ('GOCUP') ON CONFLICT (name) DO NOTHING;
INSERT INTO suppliers (name) VALUES ('arline') ON CONFLICT (name) DO NOTHING;
INSERT INTO suppliers (name) VALUES ('tegal') ON CONFLICT (name) DO NOTHING;
INSERT INTO suppliers (name) VALUES ('wati') ON CONFLICT (name) DO NOTHING;
INSERT INTO suppliers (name) VALUES ('sahabat printing') ON CONFLICT (name) DO NOTHING;
INSERT INTO suppliers (name) VALUES ('polycup bandung') ON CONFLICT (name) DO NOTHING;
INSERT INTO suppliers (name) VALUES ('alfa berkah abadi') ON CONFLICT (name) DO NOTHING;
INSERT INTO suppliers (name) VALUES ('shopee') ON CONFLICT (name) DO NOTHING;
INSERT INTO suppliers (name) VALUES ('victory') ON CONFLICT (name) DO NOTHING;
INSERT INTO suppliers (name) VALUES ('go cup') ON CONFLICT (name) DO NOTHING;
INSERT INTO suppliers (name) VALUES ('cv alva berkah A') ON CONFLICT (name) DO NOTHING;
INSERT INTO suppliers (name) VALUES ('berkah paperbox') ON CONFLICT (name) DO NOTHING;
INSERT INTO suppliers (name) VALUES ('cv. alfa berkah a') ON CONFLICT (name) DO NOTHING;
INSERT INTO suppliers (name) VALUES ('cv.alfa berkah') ON CONFLICT (name) DO NOTHING;
INSERT INTO suppliers (name) VALUES ('TEGAL') ON CONFLICT (name) DO NOTHING;
INSERT INTO suppliers (name) VALUES ('cv. alfa') ON CONFLICT (name) DO NOTHING;
INSERT INTO suppliers (name) VALUES ('GO-CUP') ON CONFLICT (name) DO NOTHING;
INSERT INTO suppliers (name) VALUES ('cv alfa berkah abadi') ON CONFLICT (name) DO NOTHING;
INSERT INTO suppliers (name) VALUES ('GO CUP') ON CONFLICT (name) DO NOTHING;
INSERT INTO suppliers (name) VALUES ('aan plastik') ON CONFLICT (name) DO NOTHING;
INSERT INTO suppliers (name) VALUES ('inducata') ON CONFLICT (name) DO NOTHING;
INSERT INTO suppliers (name) VALUES ('pandawa') ON CONFLICT (name) DO NOTHING;
INSERT INTO suppliers (name) VALUES ('pandawa plastik') ON CONFLICT (name) DO NOTHING;
INSERT INTO suppliers (name) VALUES ('duta tegal') ON CONFLICT (name) DO NOTHING;
INSERT INTO suppliers (name) VALUES ('duta warna') ON CONFLICT (name) DO NOTHING;
INSERT INTO suppliers (name) VALUES ('liga plastik') ON CONFLICT (name) DO NOTHING;
INSERT INTO suppliers (name) VALUES ('SHOPEE') ON CONFLICT (name) DO NOTHING;
INSERT INTO suppliers (name) VALUES ('M4') ON CONFLICT (name) DO NOTHING;

-- PRODUCTS (Pricing Logic: Avg last 3 transactions + 3%)
INSERT INTO products (product_code, name, category, workshop_code, base_price, selling_price) VALUES ('STG010', 'Cup PP 16 OZ Oval', 'CUP', 'GUDANG', 433, 446) ON CONFLICT (product_code) DO NOTHING;
INSERT INTO products (product_code, name, category, workshop_code, base_price, selling_price) VALUES ('STG129', 'Cup PET 14 OZ Oval', 'CUP', 'GUDANG', 393, 404) ON CONFLICT (product_code) DO NOTHING;
INSERT INTO products (product_code, name, category, workshop_code, base_price, selling_price) VALUES ('STG014', 'Cup PP 22 OZ Oval', 'CUP', 'GUDANG', 495, 510) ON CONFLICT (product_code) DO NOTHING;
INSERT INTO products (product_code, name, category, workshop_code, base_price, selling_price) VALUES ('STG018', 'Papercup 16 OZ', 'PAPERCUP', 'GUDANG', 505, 520) ON CONFLICT (product_code) DO NOTHING;
INSERT INTO products (product_code, name, category, workshop_code, base_price, selling_price) VALUES ('STG103', 'Cup Injection 16 OZ datar 500ml (13gr)', 'CUP', 'GUDANG', 990, 1020) ON CONFLICT (product_code) DO NOTHING;
INSERT INTO products (product_code, name, category, workshop_code, base_price, selling_price) VALUES ('STG012', 'Cup PP 18 OZ Oval', 'CUP', 'GUDANG', 408, 421) ON CONFLICT (product_code) DO NOTHING;
INSERT INTO products (product_code, name, category, workshop_code, base_price, selling_price) VALUES ('STG004', 'Cup PP 12 OZ Oval', 'CUP', 'GUDANG', 390, 402) ON CONFLICT (product_code) DO NOTHING;
INSERT INTO products (product_code, name, category, workshop_code, base_price, selling_price) VALUES ('STG002', 'Cup PP 12 OZ 7 gr', 'CUP', 'GUDANG', 390, 401) ON CONFLICT (product_code) DO NOTHING;
INSERT INTO products (product_code, name, category, workshop_code, base_price, selling_price) VALUES ('STG102', 'Cup Injection 14 OZ datar 400ml (13gr)', 'CUP', 'GUDANG', 950, 979) ON CONFLICT (product_code) DO NOTHING;
INSERT INTO products (product_code, name, category, workshop_code, base_price, selling_price) VALUES ('STG163', 'Tutup Strawless PET STARINDO', 'TUTUP_SEDOTAN', 'GUDANG', 173, 179) ON CONFLICT (product_code) DO NOTHING;
INSERT INTO products (product_code, name, category, workshop_code, base_price, selling_price) VALUES ('STG149', 'Tutup Strawless pp besar', 'TUTUP_SEDOTAN', 'GUDANG', 176, 182) ON CONFLICT (product_code) DO NOTHING;
INSERT INTO products (product_code, name, category, workshop_code, base_price, selling_price) VALUES ('STG134', 'Tutup Datar Besar Starindo', 'TUTUP_SEDOTAN', 'GUDANG', 96, 99) ON CONFLICT (product_code) DO NOTHING;
INSERT INTO products (product_code, name, category, workshop_code, base_price, selling_price) VALUES ('STG159', '22oz datar (7gr)', 'CUP_HOOK', 'GUDANG', 265, 273) ON CONFLICT (product_code) DO NOTHING;
INSERT INTO products (product_code, name, category, workshop_code, base_price, selling_price) VALUES ('STG003', 'Cup PP 12 OZ SAP', 'CUP', 'GUDANG', 290, 299) ON CONFLICT (product_code) DO NOTHING;
INSERT INTO products (product_code, name, category, workshop_code, base_price, selling_price) VALUES ('STG155', '16oz oval (6.8gr)', 'CUP_HOOK', 'GUDANG', 263, 271) ON CONFLICT (product_code) DO NOTHING;
INSERT INTO products (product_code, name, category, workshop_code, base_price, selling_price) VALUES ('STG001', 'Cup PP 12 OZ 5,2 gr', 'CUP', 'GUDANG', 215, 221) ON CONFLICT (product_code) DO NOTHING;
INSERT INTO products (product_code, name, category, workshop_code, base_price, selling_price) VALUES ('STG022', 'Paperbowl 800 ml', 'PAPERBOWL', 'GUDANG', 959, 987) ON CONFLICT (product_code) DO NOTHING;
INSERT INTO products (product_code, name, category, workshop_code, base_price, selling_price) VALUES ('STG101', 'Cup Injection 12 OZ Oval 380ml (13gr)', 'CUP', 'GUDANG', 950, 979) ON CONFLICT (product_code) DO NOTHING;
INSERT INTO products (product_code, name, category, workshop_code, base_price, selling_price) VALUES ('STG161', '22oz slim (9.2gr)', 'CUP_HOOK', 'GUDANG', 319, 329) ON CONFLICT (product_code) DO NOTHING;
INSERT INTO products (product_code, name, category, workshop_code, base_price, selling_price) VALUES ('STG156', '18oz oval (7.5gr)', 'CUP_HOOK', 'GUDANG', 270, 278) ON CONFLICT (product_code) DO NOTHING;
INSERT INTO products (product_code, name, category, workshop_code, base_price, selling_price) VALUES ('STG009', 'Cup PP 16 OZ 7 gr', 'CUP', 'GUDANG', 394, 406) ON CONFLICT (product_code) DO NOTHING;
INSERT INTO products (product_code, name, category, workshop_code, base_price, selling_price) VALUES ('STG154', '14oz oval (6.5gr)', 'CUP_HOOK', 'GUDANG', 244, 251) ON CONFLICT (product_code) DO NOTHING;
INSERT INTO products (product_code, name, category, workshop_code, base_price, selling_price) VALUES ('STG083', 'Tutup Datar PET Starindo', 'TUTUP_SEDOTAN', 'GUDANG', 180, 185) ON CONFLICT (product_code) DO NOTHING;
INSERT INTO products (product_code, name, category, workshop_code, base_price, selling_price) VALUES ('STG099', 'Cup PP 14 OZ Oval', 'CUP', 'GUDANG', 446, 459) ON CONFLICT (product_code) DO NOTHING;
INSERT INTO products (product_code, name, category, workshop_code, base_price, selling_price) VALUES ('STG011', 'Cup PP 18 OZ Flat', 'CUP', 'GUDANG', 346, 356) ON CONFLICT (product_code) DO NOTHING;
INSERT INTO products (product_code, name, category, workshop_code, base_price, selling_price) VALUES ('STG005', 'Cup PET 12 OZ Flat', 'CUP', 'GUDANG', 425, 438) ON CONFLICT (product_code) DO NOTHING;
INSERT INTO products (product_code, name, category, workshop_code, base_price, selling_price) VALUES ('STG081', 'Tutup Cembung Besar Starindo', 'TUTUP_SEDOTAN', 'GUDANG', 135, 139) ON CONFLICT (product_code) DO NOTHING;
INSERT INTO products (product_code, name, category, workshop_code, base_price, selling_price) VALUES ('STG100', 'Cup PET 16 OZ Flat', 'CUP', 'GUDANG', 468, 482) ON CONFLICT (product_code) DO NOTHING;
INSERT INTO products (product_code, name, category, workshop_code, base_price, selling_price) VALUES ('STG160', '22oz oval (9.2gr)', 'CUP_HOOK', 'GUDANG', 309, 318) ON CONFLICT (product_code) DO NOTHING;
INSERT INTO products (product_code, name, category, workshop_code, base_price, selling_price) VALUES ('STG007', 'Cup PP 14 OZ 7 gr', 'CUP', 'GUDANG', 394, 406) ON CONFLICT (product_code) DO NOTHING;
INSERT INTO products (product_code, name, category, workshop_code, base_price, selling_price) VALUES ('STG015', 'Papercup 8 OZ', 'PAPERCUP', 'GUDANG', 270, 278) ON CONFLICT (product_code) DO NOTHING;
INSERT INTO products (product_code, name, category, workshop_code, base_price, selling_price) VALUES ('STG082', 'Tutup Cembung PET Starindo', 'TUTUP_SEDOTAN', 'GUDANG', 240, 247) ON CONFLICT (product_code) DO NOTHING;
INSERT INTO products (product_code, name, category, workshop_code, base_price, selling_price) VALUES ('STG013', 'Cup PP 22 OZ Flat', 'CUP', 'GUDANG', 471, 485) ON CONFLICT (product_code) DO NOTHING;
INSERT INTO products (product_code, name, category, workshop_code, base_price, selling_price) VALUES ('STG158', '18oz slim (8gr)', 'CUP_HOOK', 'GUDANG', 288, 297) ON CONFLICT (product_code) DO NOTHING;
INSERT INTO products (product_code, name, category, workshop_code, base_price, selling_price) VALUES ('STG165', '22 OZ DATAR 7 GR (DK)', 'CUP_GOCUP', 'GUDANG', 401, 413) ON CONFLICT (product_code) DO NOTHING;
INSERT INTO products (product_code, name, category, workshop_code, base_price, selling_price) VALUES ('STG171', '18 OZ SLIM 7,5 GR (DB)', 'CUP_GOCUP', 'GUDANG', 397, 409) ON CONFLICT (product_code) DO NOTHING;
INSERT INTO products (product_code, name, category, workshop_code, base_price, selling_price) VALUES ('STG167', '22 OZ DATAR 9 GR (DB)', 'CUP_GOCUP', 'GUDANG', 355, 366) ON CONFLICT (product_code) DO NOTHING;
INSERT INTO products (product_code, name, category, workshop_code, base_price, selling_price) VALUES ('STG172', '22 OZ SLIM 7,5 GR (DB)', 'CUP_GOCUP', 'GUDANG', 342, 352) ON CONFLICT (product_code) DO NOTHING;
INSERT INTO products (product_code, name, category, workshop_code, base_price, selling_price) VALUES ('STG173', '22 OZ OVAL 7,5 GR (DB)', 'CUP_GOCUP', 'GUDANG', 425, 438) ON CONFLICT (product_code) DO NOTHING;
INSERT INTO products (product_code, name, category, workshop_code, base_price, selling_price) VALUES ('STG168', '12 OZ DATAR 7GR (DB)', 'CUP_GOCUP', 'GUDANG', 400, 412) ON CONFLICT (product_code) DO NOTHING;
INSERT INTO products (product_code, name, category, workshop_code, base_price, selling_price) VALUES ('STG170', '16 OZ DATAR 7 GR (DB)', 'CUP_GOCUP', 'GUDANG', 327, 337) ON CONFLICT (product_code) DO NOTHING;
INSERT INTO products (product_code, name, category, workshop_code, base_price, selling_price) VALUES ('STG166', '22 OZ DATAR 7,5 GR (DB)', 'CUP_GOCUP', 'GUDANG', 314, 323) ON CONFLICT (product_code) DO NOTHING;
INSERT INTO products (product_code, name, category, workshop_code, base_price, selling_price) VALUES ('STG084', 'Tutup Papercup 8 OZ', 'TUTUP_SEDOTAN', 'GUDANG', 185, 191) ON CONFLICT (product_code) DO NOTHING;
INSERT INTO products (product_code, name, category, workshop_code, base_price, selling_price) VALUES ('STG153', '12oz oval (6gr)', 'CUP_HOOK', 'GUDANG', 225, 232) ON CONFLICT (product_code) DO NOTHING;
INSERT INTO products (product_code, name, category, workshop_code, base_price, selling_price) VALUES ('STG020', 'Paperbowl 500 ml', 'PAPERBOWL', 'GUDANG', 939, 967) ON CONFLICT (product_code) DO NOTHING;
INSERT INTO products (product_code, name, category, workshop_code, base_price, selling_price) VALUES ('STG176', '14 OZ DATAR (BENING FROST)', 'CUP_INJECT', 'GUDANG', 1030, 1061) ON CONFLICT (product_code) DO NOTHING;
INSERT INTO products (product_code, name, category, workshop_code, base_price, selling_price) VALUES ('STG177', '14 OZ DATAR (HITAM FROST)', 'CUP_INJECT', 'GUDANG', 1077, 1109) ON CONFLICT (product_code) DO NOTHING;
INSERT INTO products (product_code, name, category, workshop_code, base_price, selling_price) VALUES ('STG180', '12 OZ DATAR (BENING FROST)', 'CUP_INJECT', 'GUDANG', 927, 954) ON CONFLICT (product_code) DO NOTHING;
INSERT INTO products (product_code, name, category, workshop_code, base_price, selling_price) VALUES ('STG183', '12 OZ 7 GR POLYCUP', 'CUP', 'GUDANG', 285, 294) ON CONFLICT (product_code) DO NOTHING;
INSERT INTO products (product_code, name, category, workshop_code, base_price, selling_price) VALUES ('STG181', '12 OZ OVAL 380ml (BENING GLOSSY)', 'CUP_INJECT_VICTORY', 'GUDANG', 768, 791) ON CONFLICT (product_code) DO NOTHING;
INSERT INTO products (product_code, name, category, workshop_code, base_price, selling_price) VALUES ('STG182', '14 OZ FLAT 400ml (BENING GLOSSY)', 'CUP_INJECT_VICTORY', 'GUDANG', 852, 878) ON CONFLICT (product_code) DO NOTHING;
INSERT INTO products (product_code, name, category, workshop_code, base_price, selling_price) VALUES ('STG175', '12 OZ DATAR (BENING GLOSSY)', 'CUP_INJECT', 'GUDANG', 950, 979) ON CONFLICT (product_code) DO NOTHING;
INSERT INTO products (product_code, name, category, workshop_code, base_price, selling_price) VALUES ('STG184', '14 OZ FLAT 400ml (BENING FROST)', 'CUP_INJECT_VICTORY', 'GUDANG', 865, 891) ON CONFLICT (product_code) DO NOTHING;
INSERT INTO products (product_code, name, category, workshop_code, base_price, selling_price) VALUES ('STG185', 'TUTUP FLIP INJECT', 'CUP_INJECT_VICTORY', 'GUDANG', 473, 488) ON CONFLICT (product_code) DO NOTHING;
INSERT INTO products (product_code, name, category, workshop_code, base_price, selling_price) VALUES ('STG186', '12 OZ FLAT 380ml (HITAM FROST)', 'CUP_INJECT_VICTORY', 'GUDANG', 1035, 1066) ON CONFLICT (product_code) DO NOTHING;
INSERT INTO products (product_code, name, category, workshop_code, base_price, selling_price) VALUES ('STG187', 'Papercup 12 OZ', 'PAPERCUP', 'GUDANG', 222, 229) ON CONFLICT (product_code) DO NOTHING;
INSERT INTO products (product_code, name, category, workshop_code, base_price, selling_price) VALUES ('STG191', '12 OZ OVAL (BENING GLOSSY)', 'CUP_INJECT', 'GUDANG', 629, 648) ON CONFLICT (product_code) DO NOTHING;
INSERT INTO products (product_code, name, category, workshop_code, base_price, selling_price) VALUES ('STG006', 'Cup PP 14 OZ 5,2 gr', 'CUP', 'GUDANG', 204, 210) ON CONFLICT (product_code) DO NOTHING;
INSERT INTO products (product_code, name, category, workshop_code, base_price, selling_price) VALUES ('STG193', '14 OZ DATAR (BENING GLOSSY)', 'CUP_INJECT', 'GUDANG', 695, 716) ON CONFLICT (product_code) DO NOTHING;
INSERT INTO products (product_code, name, category, workshop_code, base_price, selling_price) VALUES ('STG202', 'TUTUP SAMBUNG BENING FROST', 'CUP_INJECT_VICTORY', 'GUDANG', 260, 268) ON CONFLICT (product_code) DO NOTHING;
INSERT INTO products (product_code, name, category, workshop_code, base_price, selling_price) VALUES ('STG178', '16 OZ DATAR (BENING GLOSSY)', 'CUP_INJECT', 'GUDANG', 760, 782) ON CONFLICT (product_code) DO NOTHING;
INSERT INTO products (product_code, name, category, workshop_code, base_price, selling_price) VALUES ('STG179', '22 OZ DATAR (BENING GLOSSY) 1', 'CUP_INJECT', 'GUDANG', 955, 984) ON CONFLICT (product_code) DO NOTHING;
INSERT INTO products (product_code, name, category, workshop_code, base_price, selling_price) VALUES ('STG019', 'Paperbowl 360 ml', 'PAPERBOWL', 'GUDANG', 1075, 1107) ON CONFLICT (product_code) DO NOTHING;
INSERT INTO products (product_code, name, category, workshop_code, base_price, selling_price) VALUES ('STG021', 'Paperbowl 650 ml', 'PAPERBOWL', 'GUDANG', 1100, 1133) ON CONFLICT (product_code) DO NOTHING;
INSERT INTO products (product_code, name, category, workshop_code, base_price, selling_price) VALUES ('STG190', '12 OZ DATAR (BENING FROST) 1', 'CUP_INJECT', 'GUDANG', 820, 845) ON CONFLICT (product_code) DO NOTHING;
INSERT INTO products (product_code, name, category, workshop_code, base_price, selling_price) VALUES ('STG143', 'Papercup DW 8 oz (Putih)', 'PAPERCUP', 'GUDANG', 635, 654) ON CONFLICT (product_code) DO NOTHING;
INSERT INTO products (product_code, name, category, workshop_code, base_price, selling_price) VALUES ('STG144', 'Tututp Paper Cup DW 8 oz (Putih)', 'TUTUP_SEDOTAN', 'GUDANG', 520, 536) ON CONFLICT (product_code) DO NOTHING;
INSERT INTO products (product_code, name, category, workshop_code, base_price, selling_price) VALUES ('STG148', 'Papercup DW 8 oz (Hitam)', 'PAPERCUP', 'GUDANG', 744, 766) ON CONFLICT (product_code) DO NOTHING;
INSERT INTO products (product_code, name, category, workshop_code, base_price, selling_price) VALUES ('STG145', 'Tututp Paper Cup DW 8 oz (Hitam)', 'TUTUP_SEDOTAN', 'GUDANG', 520, 536) ON CONFLICT (product_code) DO NOTHING;
INSERT INTO products (product_code, name, category, workshop_code, base_price, selling_price) VALUES ('STG206', '14 OZ DATAR (BENING GLOSSY) 1', 'CUP_INJECT', 'GUDANG', 790, 814) ON CONFLICT (product_code) DO NOTHING;
INSERT INTO products (product_code, name, category, workshop_code, base_price, selling_price) VALUES ('STG192', '12 OZ OVAL (BENING GLOSSY) 1', 'CUP_INJECT', 'GUDANG', 655, 675) ON CONFLICT (product_code) DO NOTHING;
INSERT INTO products (product_code, name, category, workshop_code, base_price, selling_price) VALUES ('STG201', 'TUTUP SAMBUNG BENING GLOSSY', 'CUP_INJECT', 'GUDANG', 350, 361) ON CONFLICT (product_code) DO NOTHING;
INSERT INTO products (product_code, name, category, workshop_code, base_price, selling_price) VALUES ('STG194', '14 OZ FLAT 400ml (BENING FROST)1', 'CUP_INJECT_VICTORY', 'GUDANG', 800, 824) ON CONFLICT (product_code) DO NOTHING;
INSERT INTO products (product_code, name, category, workshop_code, base_price, selling_price) VALUES ('STG203', 'TUTUP SAMBUNG HITAM', 'CUP_INJECT', 'GUDANG', 385, 397) ON CONFLICT (product_code) DO NOTHING;
INSERT INTO products (product_code, name, category, workshop_code, base_price, selling_price) VALUES ('STG195', '14 OZ DATAR (HITAM FROST) 1', 'CUP_INJECT', 'GUDANG', 810, 834) ON CONFLICT (product_code) DO NOTHING;
INSERT INTO products (product_code, name, category, workshop_code, base_price, selling_price) VALUES ('STG196', '16 OZ FLAT 500ml (BENING GLOSSY) 1', 'CUP_INJECT', 'GUDANG', 840, 865) ON CONFLICT (product_code) DO NOTHING;
INSERT INTO products (product_code, name, category, workshop_code, base_price, selling_price) VALUES ('STG189', '12 OZ FLAT 380ml (BENING GLOSSY)', 'CUP_INJECT_VICTORY', 'GUDANG', 1100, 1133) ON CONFLICT (product_code) DO NOTHING;
INSERT INTO products (product_code, name, category, workshop_code, base_price, selling_price) VALUES ('STG205', 'TUTUP STRAWLESS GOCUP', 'CUP_GOCUP', 'GUDANG', 172, 177) ON CONFLICT (product_code) DO NOTHING;
INSERT INTO products (product_code, name, category, workshop_code, base_price, selling_price) VALUES ('STG106', 'Tutup Strawless PET PLP', 'TUTUP_SEDOTAN', 'GUDANG', 207, 213) ON CONFLICT (product_code) DO NOTHING;
INSERT INTO products (product_code, name, category, workshop_code, base_price, selling_price) VALUES ('STG045', 'Lunch Box M (Kraft)', 'BOX_DUS', 'GLOBAL', 606, 624) ON CONFLICT (product_code) DO NOTHING;
INSERT INTO products (product_code, name, category, workshop_code, base_price, selling_price) VALUES ('STG120', 'Kresek Bening 1 cup', 'PLASTIK_BOTOL', 'GLOBAL', 4314, 4444) ON CONFLICT (product_code) DO NOTHING;
INSERT INTO products (product_code, name, category, workshop_code, base_price, selling_price) VALUES ('STG174', 'Kresek Bening 24 (indofoam 55)', 'PLASTIK_BOTOL', 'GLOBAL', 20855, 21480) ON CONFLICT (product_code) DO NOTHING;
INSERT INTO products (product_code, name, category, workshop_code, base_price, selling_price) VALUES ('STG126', 'Paperbag Ayam (putih)', 'BOX_DUS', 'GLOBAL', 19430, 20013) ON CONFLICT (product_code) DO NOTHING;
INSERT INTO products (product_code, name, category, workshop_code, base_price, selling_price) VALUES ('STG112', 'Kresek Bening 24', 'PLASTIK_BOTOL', 'GLOBAL', 7858, 8094) ON CONFLICT (product_code) DO NOTHING;
INSERT INTO products (product_code, name, category, workshop_code, base_price, selling_price) VALUES ('STG023', 'Botol kale 250 ml (TEBAL)', 'PLASTIK_BOTOL', 'GLOBAL', 1440, 1483) ON CONFLICT (product_code) DO NOTHING;
INSERT INTO products (product_code, name, category, workshop_code, base_price, selling_price) VALUES ('STG079', 'Sealer Lid Cup (Polos)', 'PLASTIK_BOTOL', 'GLOBAL', 32917, 33904) ON CONFLICT (product_code) DO NOTHING;
INSERT INTO products (product_code, name, category, workshop_code, base_price, selling_price) VALUES ('STG121', 'Kresek Bening 2 cup', 'PLASTIK_BOTOL', 'GLOBAL', 220, 227) ON CONFLICT (product_code) DO NOTHING;
INSERT INTO products (product_code, name, category, workshop_code, base_price, selling_price) VALUES ('DS-022', 'Minyak M4', 'TINTA', 'GLOBAL', 39083, 40256) ON CONFLICT (product_code) DO NOTHING;
INSERT INTO products (product_code, name, category, workshop_code, base_price, selling_price) VALUES ('STG046', 'Lunch Box L (Kraft)', 'BOX_DUS', 'GLOBAL', 700, 721) ON CONFLICT (product_code) DO NOTHING;
INSERT INTO products (product_code, name, category, workshop_code, base_price, selling_price) VALUES ('STG087', 'Sedotan Runcing (Hitam)', 'TUTUP_SEDOTAN', 'GLOBAL', 7000, 7210) ON CONFLICT (product_code) DO NOTHING;
INSERT INTO products (product_code, name, category, workshop_code, base_price, selling_price) VALUES ('DS-019', 'BLACK 92', 'TINTA', 'GLOBAL', 72000, 74160) ON CONFLICT (product_code) DO NOTHING;
INSERT INTO products (product_code, name, category, workshop_code, base_price, selling_price) VALUES ('DS-008', 'green 750', 'TINTA', 'GLOBAL', 84261, 86789) ON CONFLICT (product_code) DO NOTHING;
INSERT INTO products (product_code, name, category, workshop_code, base_price, selling_price) VALUES ('DS-026', 'Green 760', 'TINTA', 'GLOBAL', 85000, 87550) ON CONFLICT (product_code) DO NOTHING;
INSERT INTO products (product_code, name, category, workshop_code, base_price, selling_price) VALUES ('DS-007', 'green 79', 'TINTA', 'GLOBAL', 84284, 86813) ON CONFLICT (product_code) DO NOTHING;
INSERT INTO products (product_code, name, category, workshop_code, base_price, selling_price) VALUES ('DS-021', 'green tosca', 'TINTA', 'GLOBAL', 92000, 94760) ON CONFLICT (product_code) DO NOTHING;
INSERT INTO products (product_code, name, category, workshop_code, base_price, selling_price) VALUES ('DS-014', 'pale gold', 'TINTA', 'GLOBAL', 104432, 107565) ON CONFLICT (product_code) DO NOTHING;
INSERT INTO products (product_code, name, category, workshop_code, base_price, selling_price) VALUES ('DS-004', 'red 100', 'TINTA', 'GLOBAL', 87000, 89610) ON CONFLICT (product_code) DO NOTHING;
INSERT INTO products (product_code, name, category, workshop_code, base_price, selling_price) VALUES ('DS-031', 'White doff', 'TINTA', 'GLOBAL', 83000, 85490) ON CONFLICT (product_code) DO NOTHING;
INSERT INTO products (product_code, name, category, workshop_code, base_price, selling_price) VALUES ('DS-002', 'white 61', 'TINTA', 'GLOBAL', 77000, 79310) ON CONFLICT (product_code) DO NOTHING;
INSERT INTO products (product_code, name, category, workshop_code, base_price, selling_price) VALUES ('STG111', 'Kresek Bening 15', 'PLASTIK_BOTOL', 'GLOBAL', 11500, 11845) ON CONFLICT (product_code) DO NOTHING;
INSERT INTO products (product_code, name, category, workshop_code, base_price, selling_price) VALUES ('STG131', 'Sealer Lid Cup (BG Hitam)', 'PLASTIK_BOTOL', 'GLOBAL', 61640, 63489) ON CONFLICT (product_code) DO NOTHING;
INSERT INTO products (product_code, name, category, workshop_code, base_price, selling_price) VALUES ('STG030', 'HD Plong 20x30', 'PLASTIK_BOTOL', 'GLOBAL', 15833, 16308) ON CONFLICT (product_code) DO NOTHING;
INSERT INTO products (product_code, name, category, workshop_code, base_price, selling_price) VALUES ('STG041', 'Kresek 28', 'PLASTIK_BOTOL', 'GLOBAL', 19033, 19604) ON CONFLICT (product_code) DO NOTHING;
INSERT INTO products (product_code, name, category, workshop_code, base_price, selling_price) VALUES ('STG151', 'PP Plong bening 20x30 (indofoam)', 'PLASTIK_BOTOL', 'GLOBAL', 18167, 18712) ON CONFLICT (product_code) DO NOTHING;
INSERT INTO products (product_code, name, category, workshop_code, base_price, selling_price) VALUES ('STG164', 'PP Plong bening 30x45 (indofoam)', 'PLASTIK_BOTOL', 'GLOBAL', 23000, 23690) ON CONFLICT (product_code) DO NOTHING;
INSERT INTO products (product_code, name, category, workshop_code, base_price, selling_price) VALUES ('DS-015', 'pink', 'TINTA', 'GLOBAL', 89000, 91670) ON CONFLICT (product_code) DO NOTHING;
INSERT INTO products (product_code, name, category, workshop_code, base_price, selling_price) VALUES ('DS-012', 'blue 39', 'TINTA', 'GLOBAL', 85000, 87550) ON CONFLICT (product_code) DO NOTHING;
INSERT INTO products (product_code, name, category, workshop_code, base_price, selling_price) VALUES ('DS-011', 'blue peacock', 'TINTA', 'GLOBAL', 85000, 87550) ON CONFLICT (product_code) DO NOTHING;
INSERT INTO products (product_code, name, category, workshop_code, base_price, selling_price) VALUES ('DS-020', 'brown', 'TINTA', 'GLOBAL', 90296, 93005) ON CONFLICT (product_code) DO NOTHING;
INSERT INTO products (product_code, name, category, workshop_code, base_price, selling_price) VALUES ('DS-006', 'green 73', 'TINTA', 'GLOBAL', 85000, 87550) ON CONFLICT (product_code) DO NOTHING;
INSERT INTO products (product_code, name, category, workshop_code, base_price, selling_price) VALUES ('DS-016', 'orange 53', 'TINTA', 'GLOBAL', 90000, 92700) ON CONFLICT (product_code) DO NOTHING;
INSERT INTO products (product_code, name, category, workshop_code, base_price, selling_price) VALUES ('DS-023', 'RED 11', 'TINTA', 'GLOBAL', 87000, 89610) ON CONFLICT (product_code) DO NOTHING;
INSERT INTO products (product_code, name, category, workshop_code, base_price, selling_price) VALUES ('DS-005', 'red 16', 'TINTA', 'GLOBAL', 87000, 89610) ON CONFLICT (product_code) DO NOTHING;
INSERT INTO products (product_code, name, category, workshop_code, base_price, selling_price) VALUES ('DS-024', 'SUPERGOLD', 'TINTA', 'GLOBAL', 130000, 133900) ON CONFLICT (product_code) DO NOTHING;
INSERT INTO products (product_code, name, category, workshop_code, base_price, selling_price) VALUES ('STG025', 'Botol kale 1000 ml', 'PLASTIK_BOTOL', 'GLOBAL', 3400, 3502) ON CONFLICT (product_code) DO NOTHING;
INSERT INTO products (product_code, name, category, workshop_code, base_price, selling_price) VALUES ('STG114', 'Kresek Bening 30', 'PLASTIK_BOTOL', 'GLOBAL', 19667, 20257) ON CONFLICT (product_code) DO NOTHING;
INSERT INTO products (product_code, name, category, workshop_code, base_price, selling_price) VALUES ('STG113', 'Kresek Bening 26', 'PLASTIK_BOTOL', 'GLOBAL', 15552, 16019) ON CONFLICT (product_code) DO NOTHING;
INSERT INTO products (product_code, name, category, workshop_code, base_price, selling_price) VALUES ('DS-003', 'red 9', 'TINTA', 'GLOBAL', 86072, 88654) ON CONFLICT (product_code) DO NOTHING;
INSERT INTO products (product_code, name, category, workshop_code, base_price, selling_price) VALUES ('DS-032', 'Green Special', 'TINTA', 'GLOBAL', 91197, 93933) ON CONFLICT (product_code) DO NOTHING;
INSERT INTO products (product_code, name, category, workshop_code, base_price, selling_price) VALUES ('DS-025', 'VIOLET 84', 'TINTA', 'GLOBAL', 99683, 102674) ON CONFLICT (product_code) DO NOTHING;
INSERT INTO products (product_code, name, category, workshop_code, base_price, selling_price) VALUES ('DS-030', 'Violet CT', 'TINTA', 'GLOBAL', 103420, 106523) ON CONFLICT (product_code) DO NOTHING;
INSERT INTO products (product_code, name, category, workshop_code, base_price, selling_price) VALUES ('DS-028', 'Fuchsia Pink', 'TINTA', 'GLOBAL', 90000, 92700) ON CONFLICT (product_code) DO NOTHING;
INSERT INTO products (product_code, name, category, workshop_code, base_price, selling_price) VALUES ('STG130', 'Sealer Lid Cup (BG Putih)', 'PLASTIK_BOTOL', 'GLOBAL', 47000, 48410) ON CONFLICT (product_code) DO NOTHING;
INSERT INTO products (product_code, name, category, workshop_code, base_price, selling_price) VALUES ('DS-027', 'Blue 38', 'TINTA', 'GLOBAL', 86000, 88580) ON CONFLICT (product_code) DO NOTHING;
INSERT INTO products (product_code, name, category, workshop_code, base_price, selling_price) VALUES ('DS-001', 'magenta', 'TINTA', 'GLOBAL', 90000, 92700) ON CONFLICT (product_code) DO NOTHING;
INSERT INTO products (product_code, name, category, workshop_code, base_price, selling_price) VALUES ('DS-017', 'orange vermilion', 'TINTA', 'GLOBAL', 90000, 92700) ON CONFLICT (product_code) DO NOTHING;
INSERT INTO products (product_code, name, category, workshop_code, base_price, selling_price) VALUES ('DS-010', 'yellow 24', 'TINTA', 'GLOBAL', 81000, 83430) ON CONFLICT (product_code) DO NOTHING;
INSERT INTO products (product_code, name, category, workshop_code, base_price, selling_price) VALUES ('STG135', 'Box Snack S (kraft)', 'BOX_DUS', 'GLOBAL', 510, 525) ON CONFLICT (product_code) DO NOTHING;
INSERT INTO products (product_code, name, category, workshop_code, base_price, selling_price) VALUES ('DS-018', 'silver', 'TINTA', 'GLOBAL', 103531, 106637) ON CONFLICT (product_code) DO NOTHING;
INSERT INTO products (product_code, name, category, workshop_code, base_price, selling_price) VALUES ('STG029', 'HD Plong 15x22', 'PLASTIK_BOTOL', 'GLOBAL', 9500, 9785) ON CONFLICT (product_code) DO NOTHING;
INSERT INTO products (product_code, name, category, workshop_code, base_price, selling_price) VALUES ('STG188', 'Kresek Bening 15 (indofoam 500 gr)', 'PLASTIK_BOTOL', 'GLOBAL', 17598, 18126) ON CONFLICT (product_code) DO NOTHING;
INSERT INTO products (product_code, name, category, workshop_code, base_price, selling_price) VALUES ('STG042', 'Kresek 30', 'PLASTIK_BOTOL', 'GLOBAL', 15000, 15450) ON CONFLICT (product_code) DO NOTHING;
INSERT INTO products (product_code, name, category, workshop_code, base_price, selling_price) VALUES ('DS-009', 'yellow 21', 'TINTA', 'GLOBAL', 84000, 86520) ON CONFLICT (product_code) DO NOTHING;
INSERT INTO products (product_code, name, category, workshop_code, base_price, selling_price) VALUES ('STG086', 'Sedotan Steril (Kertas)', 'TUTUP_SEDOTAN', 'GLOBAL', 20500, 21115) ON CONFLICT (product_code) DO NOTHING;
INSERT INTO products (product_code, name, category, workshop_code, base_price, selling_price) VALUES ('STG088', 'Sedotan Runcing (Boba)', 'TUTUP_SEDOTAN', 'GLOBAL', 11000, 11330) ON CONFLICT (product_code) DO NOTHING;
INSERT INTO products (product_code, name, category, workshop_code, base_price, selling_price) VALUES ('STG138', 'Sedotan Runcing (Bening / clear)', 'TUTUP_SEDOTAN', 'GLOBAL', 12250, 12618) ON CONFLICT (product_code) DO NOTHING;